id,first_name,last_name,email
1,Marcie,Goldsberry,mgoldsberry0@hugedomains.com
2,Miguela,Gow,mgow1@pinterest.com
3,Paton,Ligertwood,pligertwood2@usnews.com
4,Seymour,Bennallck,sbennallck3@hexun.com
5,Dietrich,Salvin,dsalvin4@sphinn.com
6,Pattie,Sheaf,psheaf5@booking.com
7,Malena,Eynald,meynald6@t.co
8,Leena,Coutts,lcoutts7@bandcamp.com
9,Aguistin,Dow,adow8@hao123.com
10,Branden,Hanlin,bhanlin9@cbslocal.com
11,Cybill,Kaspar,ckaspara@intel.com
12,Chery,Riley,crileyb@usa.gov
13,Orly,Kemmett,okemmettc@freewebs.com
14,Gladys,Gaymer,ggaymerd@aol.com
15,Shayla,Rutherford,srutherforde@howstuffworks.com
16,Blaine,Stevenson,bstevensonf@epa.gov
17,Stacee,Ledgley,sledgleyg@cpanel.net
18,Lisle,Kirwood,lkirwoodh@nydailynews.com
19,Gale,Vasechkin,gvasechkini@arstechnica.com
20,Chalmers,Janouch,cjanouchj@chicagotribune.com
21,Armin,Hek,ahekk@java.com
22,Lyn,Alexandrou,lalexandroul@i2i.jp
23,Tricia,Acome,tacomem@hatena.ne.jp
24,Gabriele,Spencock,gspencockn@infoseek.co.jp
25,Pall,Szymaniak,pszymaniako@vkontakte.ru
26,Cari,Gatrill,cgatrillp@examiner.com
27,Carlye,MacNucator,cmacnucatorq@mayoclinic.com
28,Donall,Wealleans,dwealleansr@prlog.org
29,Carolan,Barchrameev,cbarchrameevs@accuweather.com
30,Ulric,Keling,ukelingt@squidoo.com
31,Suzi,Justice,sjusticeu@admin.ch
32,Adaline,Van Merwe,avanmerwev@list-manage.com
33,Eirena,Antoniat,eantoniatw@stumbleupon.com
34,Goraud,Waylen,gwaylenx@ucsd.edu
35,Clement,Banbury,cbanburyy@bandcamp.com
36,Ermengarde,Wrefford,ewreffordz@shinystat.com
37,Husein,Acres,hacres10@omniture.com
38,Sile,Quantrell,squantrell11@google.com.au
39,Bobby,Oag,boag12@blogspot.com
40,Richie,Malarkey,rmalarkey13@de.vu
41,Reggis,Dripps,rdripps14@dedecms.com
42,Conrad,Chatwood,cchatwood15@icio.us
43,Mace,Cantera,mcantera16@1688.com
44,Milli,Bengough,mbengough17@privacy.gov.au
45,Damiano,Hagston,dhagston18@imdb.com
46,Tomasine,Pirrey,tpirrey19@uol.com.br
47,Federico,Zealey,fzealey1a@sogou.com
48,Peyter,Marven,pmarven1b@ebay.co.uk
49,Scarlett,Burrel,sburrel1c@pagesperso-orange.fr
50,Christean,Komorowski,ckomorowski1d@dion.ne.jp
51,Eleonora,Jorgesen,ejorgesen1e@macromedia.com
52,Carmelina,Klaes,cklaes1f@businessweek.com
53,Rosetta,Cowely,rcowely1g@hubpages.com
54,Idalina,Ozanne,iozanne1h@weibo.com
55,Niki,Cotilard,ncotilard1i@vk.com
56,Eugine,McKeefry,emckeefry1j@hubpages.com
57,Janeczka,Itzkovich,jitzkovich1k@ezinearticles.com
58,Janessa,Scallan,jscallan1l@elegantthemes.com
59,Boyd,Greeno,bgreeno1m@paypal.com
60,Staffard,Hawker,shawker1n@shutterfly.com
61,Loraine,Forryan,lforryan1o@bizjournals.com
62,Tedra,Davana,tdavana1p@state.tx.us
63,Emylee,Giovannelli,egiovannelli1q@senate.gov
64,Trixy,Dimmer,tdimmer1r@indiatimes.com
65,Irina,Strewthers,istrewthers1s@phpbb.com
66,Thorny,Ruslen,truslen1t@ustream.tv
67,Mata,Yirrell,myirrell1u@webnode.com
68,Eloisa,Emmert,eemmert1v@upenn.edu
69,Mellisent,Swanson,mswanson1w@squidoo.com
70,Shelley,Epton,septon1x@163.com
71,Byrom,Shoutt,bshoutt1y@creativecommons.org
72,Granger,Philippson,gphilippson1z@google.com.au
73,Aubrie,Mellmoth,amellmoth20@mapy.cz
74,Justino,Beckers,jbeckers21@qq.com
75,Yvette,Blamire,yblamire22@ox.ac.uk
76,Isabelita,Cutchie,icutchie23@oaic.gov.au
77,Britt,Yearnes,byearnes24@mail.ru
78,Shaine,Wilkison,swilkison25@indiegogo.com
79,Miquela,Bozward,mbozward26@infoseek.co.jp
80,Adara,Shipperbottom,ashipperbottom27@who.int
81,Jammal,Feathersby,jfeathersby28@intel.com
82,Sherrie,Cudmore,scudmore29@ehow.com
83,Hamlin,Errigo,herrigo2a@unblog.fr
84,Roman,Yorston,ryorston2b@ning.com
85,Aloysia,Scholler,ascholler2c@nba.com
86,Latia,Kelner,lkelner2d@twitter.com
87,Nikolai,Laxe,nlaxe2e@g.co
88,Taddeo,Duddin,tduddin2f@goo.ne.jp
89,Caty,Campsall,ccampsall2g@indiatimes.com
90,Denis,Doughartie,ddoughartie2h@t.co
91,Batholomew,Collidge,bcollidge2i@blinklist.com
92,Christel,Dawidowsky,cdawidowsky2j@naver.com
93,Aggi,Myhan,amyhan2k@hao123.com
94,Rodolph,Dranfield,rdranfield2l@liveinternet.ru
95,Rudy,Coulter,rcoulter2m@a8.net
96,Mira,Dignum,mdignum2n@addtoany.com
97,Di,Mallindine,dmallindine2o@istockphoto.com
98,Cally,Ruppel,cruppel2p@fda.gov
99,Peadar,Jermin,pjermin2q@opera.com
100,Zacharia,Merveille,zmerveille2r@cisco.com
101,Derry,Robbie,drobbie2s@taobao.com
102,Craig,Glenny,cglenny2t@wunderground.com
103,Gavin,Bonifazio,gbonifazio2u@cloudflare.com
104,Shanan,Lettice,slettice2v@slate.com
105,Hughie,Gayden,hgayden2w@sourceforge.net
106,Anita,Wyne,awyne2x@indiegogo.com
107,Linda,Hars,lhars2y@scientificamerican.com
108,Murvyn,Breinl,mbreinl2z@ca.gov
109,George,Beaulieu,gbeaulieu30@51.la
110,Ronnie,Belderson,rbelderson31@msu.edu
111,Zed,Gibbens,zgibbens32@goodreads.com
112,Reynold,Farncomb,rfarncomb33@loc.gov
113,Bengt,Lamort,blamort34@google.co.uk
114,Stearn,Trittam,strittam35@gnu.org
115,Norah,de Clerq,ndeclerq36@php.net
116,Nobie,Bernuzzi,nbernuzzi37@facebook.com
117,Hanni,Chedzoy,hchedzoy38@bing.com
118,Wynn,Clymo,wclymo39@prnewswire.com
119,Katie,Dickons,kdickons3a@oaic.gov.au
120,Wendi,Klimentyonok,wklimentyonok3b@go.com
121,Anestassia,McKeney,amckeney3c@google.com.br
122,Cherise,Flett,cflett3d@about.me
123,Phip,Oxe,poxe3e@comsenz.com
124,Allyson,Sexty,asexty3f@networkadvertising.org
125,Wynn,Cottom,wcottom3g@elegantthemes.com
126,Jed,Haggerstone,jhaggerstone3h@hp.com
127,Kitti,Hallsworth,khallsworth3i@berkeley.edu
128,Cris,Cowgill,ccowgill3j@friendfeed.com
129,Aldin,Bygott,abygott3k@scientificamerican.com
130,Theodoric,Yakunikov,tyakunikov3l@topsy.com
131,Laraine,Flucker,lflucker3m@chicagotribune.com
132,Yolande,Whapham,ywhapham3n@acquirethisname.com
133,Grantham,Eastabrook,geastabrook3o@sina.com.cn
134,Amerigo,Duddin,aduddin3p@thetimes.co.uk
135,Melli,Pidgin,mpidgin3q@example.com
136,Lauren,Kristof,lkristof3r@chron.com
137,Adria,Poulston,apoulston3s@xrea.com
138,Tracey,Fuzzard,tfuzzard3t@squidoo.com
139,Beverly,Goldspink,bgoldspink3u@spiegel.de
140,Pavel,Billanie,pbillanie3v@examiner.com
141,Lurleen,Goodall,lgoodall3w@loc.gov
142,Valentin,Jarrell,vjarrell3x@taobao.com
143,Charline,Harrowsmith,charrowsmith3y@wired.com
144,Dorothy,Moutray Read,dmoutrayread3z@soup.io
145,Margit,Hunt,mhunt40@mac.com
146,Fan,Matterson,fmatterson41@sourceforge.net
147,Rozele,D'orsay,rdorsay42@utexas.edu
148,Elmer,Petronis,epetronis43@shareasale.com
149,Jacky,Bradnock,jbradnock44@hc360.com
150,Laney,Daniely,ldaniely45@wikimedia.org
151,Michale,Symmers,msymmers46@nydailynews.com
152,Waite,Dougal,wdougal47@mtv.com
153,Brody,Struan,bstruan48@kickstarter.com
154,Aleen,Burrage,aburrage49@ovh.net
155,Nessy,McLeoid,nmcleoid4a@census.gov
156,Nolly,Knudsen,nknudsen4b@apple.com
157,Bondy,Oda,boda4c@google.it
158,Bee,Leifer,bleifer4d@ezinearticles.com
159,Erastus,Bentley,ebentley4e@canalblog.com
160,Garold,Ricciardelli,gricciardelli4f@bloglines.com
161,Arin,Lamberto,alamberto4g@histats.com
162,Cheri,Lelliott,clelliott4h@forbes.com
163,Diarmid,Willimont,dwillimont4i@slideshare.net
164,Kit,Yanshinov,kyanshinov4j@slate.com
165,Carolyn,Haysman,chaysman4k@princeton.edu
166,Maurise,Boken,mboken4l@wired.com
167,Gianna,Buttrick,gbuttrick4m@aol.com
168,Fredi,Aslett,faslett4n@squarespace.com
169,Tabor,D'Antoni,tdantoni4o@nsw.gov.au
170,Karlyn,Barti,kbarti4p@multiply.com
171,Tiffanie,Stothert,tstothert4q@wiley.com
172,Davy,Ryton,dryton4r@comcast.net
173,Lydon,Chater,lchater4s@wp.com
174,Kyrstin,Leatham,kleatham4t@t.co
175,Travus,Maggiori,tmaggiori4u@oracle.com
176,Jeanelle,Arnout,jarnout4v@is.gd
177,Carley,Cressar,ccressar4w@google.co.jp
178,Jodie,Tuff,jtuff4x@a8.net
179,Cammie,Borman,cborman4y@ed.gov
180,Marjy,Maffucci,mmaffucci4z@hud.gov
181,Essie,Dickson,edickson50@nydailynews.com
182,Dugald,Bewshire,dbewshire51@paypal.com
183,Noellyn,Cambridge,ncambridge52@ed.gov
184,Sashenka,Letrange,sletrange53@nifty.com
185,Elbert,Verner,everner54@blogtalkradio.com
186,Jeromy,Ketteringham,jketteringham55@t-online.de
187,Russell,Bonas,rbonas56@wordpress.com
188,Pat,Broadnicke,pbroadnicke57@ameblo.jp
189,Vittorio,Spanton,vspanton58@skype.com
190,Alec,Burtenshaw,aburtenshaw59@wunderground.com
191,Marieann,Panswick,mpanswick5a@boston.com
192,Judd,Ellerker,jellerker5b@opera.com
193,Archaimbaud,Surgeon,asurgeon5c@odnoklassniki.ru
194,Daffy,Brogini,dbrogini5d@nymag.com
195,Jeremias,Spurway,jspurway5e@flickr.com
196,Francklin,Andrat,fandrat5f@state.gov
197,Maurita,Haddrill,mhaddrill5g@webeden.co.uk
198,Kizzee,Greenland,kgreenland5h@github.com
199,Paddie,Stobo,pstobo5i@yolasite.com
200,Dewitt,Kuhnert,dkuhnert5j@xrea.com
201,Laurena,Dubble,ldubble5k@opera.com
202,Irena,Frost,ifrost5l@livejournal.com
203,Patrizio,Lowry,plowry5m@bloglovin.com
204,Hi,Gofforth,hgofforth5n@purevolume.com
205,Koo,Conradie,kconradie5o@irs.gov
206,Denney,Tickle,dtickle5p@mapquest.com
207,Geri,Tufts,gtufts5q@hhs.gov
208,Chauncey,Lambricht,clambricht5r@ox.ac.uk
209,Anastasie,Cobain,acobain5s@gov.uk
210,Dominica,Tuiller,dtuiller5t@ning.com
211,Erhart,Van Son,evanson5u@flickr.com
212,Hashim,Minerdo,hminerdo5v@i2i.jp
213,Marietta,Berrisford,mberrisford5w@statcounter.com
214,Fons,Willimott,fwillimott5x@unicef.org
215,Bil,Reisenstein,breisenstein5y@bbb.org
216,Al,Eisikovitsh,aeisikovitsh5z@netscape.com
217,Ann,Loader,aloader60@virginia.edu
218,Willard,Pfeffel,wpfeffel61@barnesandnoble.com
219,Etan,Bewshire,ebewshire62@newsvine.com
220,Fremont,Swinfen,fswinfen63@redcross.org
221,Jilly,Adamolli,jadamolli64@unesco.org
222,Friedrich,Shurlock,fshurlock65@cornell.edu
223,Dar,Ellett,dellett66@cbslocal.com
224,Georgianna,Sennett,gsennett67@com.com
225,Carter,Heam,cheam68@umich.edu
226,Huntley,Casterot,hcasterot69@google.com.br
227,Korella,Coughlan,kcoughlan6a@behance.net
228,Stanly,McAteer,smcateer6b@indiegogo.com
229,Elden,Heigold,eheigold6c@chronoengine.com
230,Lelia,Gierardi,lgierardi6d@eventbrite.com
231,Selig,Burr,sburr6e@ning.com
232,Cindee,Columbell,ccolumbell6f@deliciousdays.com
233,Renata,Hoxey,rhoxey6g@is.gd
234,Rodolphe,Lowne,rlowne6h@wix.com
235,Roi,Linfoot,rlinfoot6i@istockphoto.com
236,Perry,Lerner,plerner6j@mashable.com
237,Briano,Le Marchand,blemarchand6k@google.nl
238,Lanny,Springle,lspringle6l@tripod.com
239,Stormie,Bauser,sbauser6m@cdc.gov
240,Isador,Axell,iaxell6n@amazon.de
241,Deeyn,Lunny,dlunny6o@sourceforge.net
242,Carlie,Alvey,calvey6p@examiner.com
243,Alexandro,Date,adate6q@geocities.jp
244,Euphemia,Story,estory6r@theatlantic.com
245,Mariel,Shuttell,mshuttell6s@who.int
246,Brooke,Zamorrano,bzamorrano6t@cmu.edu
247,Amii,McClelland,amcclelland6u@csmonitor.com
248,Nikos,Blesdill,nblesdill6v@walmart.com
249,Martainn,Van Geffen,mvangeffen6w@quantcast.com
250,Theadora,Heppenspall,theppenspall6x@tiny.cc
251,Corrinne,Graeser,cgraeser6y@friendfeed.com
252,Alisander,Haslock,ahaslock6z@nature.com
253,Elset,Roll,eroll70@squarespace.com
254,Lenette,Vellden,lvellden71@jiathis.com
255,Welsh,Clowton,wclowton72@bbb.org
256,Kyle,Grim,kgrim73@rambler.ru
257,Vance,Ianelli,vianelli74@noaa.gov
258,Toma,Pues,tpues75@samsung.com
259,Lauretta,Ravenshear,lravenshear76@cisco.com
260,Andree,Vertey,avertey77@senate.gov
261,Callida,Toghill,ctoghill78@ihg.com
262,Luciana,Perrott,lperrott79@fda.gov
263,Lynn,Raymen,lraymen7a@wisc.edu
264,Nathalie,Markey,nmarkey7b@abc.net.au
265,Lon,Ollenbuttel,lollenbuttel7c@newyorker.com
266,Papagena,Corten,pcorten7d@booking.com
267,Hubey,Float,hfloat7e@gov.uk
268,Franz,Furley,ffurley7f@irs.gov
269,Mayor,Treffry,mtreffry7g@blinklist.com
270,Humfrey,Fivey,hfivey7h@com.com
271,Lou,Duncombe,lduncombe7i@yandex.ru
272,Bonnie,Kinver,bkinver7j@diigo.com
273,Skylar,Heath,sheath7k@liveinternet.ru
274,Brien,Lorenzini,blorenzini7l@dmoz.org
275,Mohandas,Hansen,mhansen7m@washingtonpost.com
276,Aguie,Kaasman,akaasman7n@sciencedirect.com
277,Brenna,Floyde,bfloyde7o@discovery.com
278,Nobe,McGeever,nmcgeever7p@homestead.com
279,Nonnah,Goodere,ngoodere7q@ebay.com
280,Willem,Maylam,wmaylam7r@xing.com
281,Angelica,Carnelley,acarnelley7s@blogtalkradio.com
282,Filmer,Showell,fshowell7t@microsoft.com
283,Berne,O' Culligan,boculligan7u@nydailynews.com
284,Clo,Southorn,csouthorn7v@google.com
285,Kirstin,Hiscoe,khiscoe7w@blinklist.com
286,Mellicent,Boyd,mboyd7x@networksolutions.com
287,Zelig,Lempenny,zlempenny7y@livejournal.com
288,Ruthe,Stoppe,rstoppe7z@jigsy.com
289,Gregory,Yousef,gyousef80@jiathis.com
290,Clemmie,Forten,cforten81@fda.gov
291,Dedie,Bridgewater,dbridgewater82@meetup.com
292,Maxie,Reinhart,mreinhart83@bloglovin.com
293,Magdalena,Maso,mmaso84@theglobeandmail.com
294,Allx,Capelle,acapelle85@guardian.co.uk
295,Jania,Benge,jbenge86@abc.net.au
296,Leighton,Rickards,lrickards87@apple.com
297,Conchita,Lander,clander88@eventbrite.com
298,Indira,Jandak,ijandak89@mayoclinic.com
299,Broddie,Maciunas,bmaciunas8a@who.int
300,Sally,Mincini,smincini8b@home.pl
301,Pate,Thon,pthon8c@mashable.com
302,Madelaine,McGraffin,mmcgraffin8d@angelfire.com
303,Bernard,Helliar,bhelliar8e@vkontakte.ru
304,Cathrin,Asp,casp8f@creativecommons.org
305,Sumner,Kift,skift8g@webs.com
306,Ole,Lindborg,olindborg8h@wufoo.com
307,Isabelle,Doge,idoge8i@psu.edu
308,Theadora,Blackaller,tblackaller8j@meetup.com
309,Ray,Pawden,rpawden8k@seattletimes.com
310,Cheslie,Chislett,cchislett8l@hp.com
311,Colan,Whitters,cwhitters8m@t-online.de
312,Cherey,Aitchison,caitchison8n@theglobeandmail.com
313,Shelli,Forre,sforre8o@over-blog.com
314,Gratiana,Danielovitch,gdanielovitch8p@networksolutions.com
315,Bradney,Longstaffe,blongstaffe8q@google.com.hk
316,Etty,Liddington,eliddington8r@rambler.ru
317,Latrina,Sloey,lsloey8s@blogtalkradio.com
318,Nelie,Bare,nbare8t@com.com
319,Koren,Jollands,kjollands8u@icio.us
320,Ethan,Miquelet,emiquelet8v@ucoz.ru
321,Carmella,Ebbett,cebbett8w@cam.ac.uk
322,Shaylynn,Smullin,ssmullin8x@umich.edu
323,Fabiano,Germain,fgermain8y@csmonitor.com
324,Bella,Tommaseo,btommaseo8z@irs.gov
325,Jilli,Caygill,jcaygill90@imdb.com
326,Randall,Farquhar,rfarquhar91@marriott.com
327,Francois,Downie,fdownie92@chicagotribune.com
328,Phineas,Chessman,pchessman93@sbwire.com
329,Kelli,Martignon,kmartignon94@wikimedia.org
330,Annnora,Thackham,athackham95@vk.com
331,Mord,Shortcliffe,mshortcliffe96@sohu.com
332,Claude,Elwyn,celwyn97@discovery.com
333,Chev,Puttan,cputtan98@mac.com
334,Sella,McGenis,smcgenis99@freewebs.com
335,Jasmine,Risebarer,jrisebarer9a@mozilla.com
336,Valerye,Hrynczyk,vhrynczyk9b@state.tx.us
337,Fabio,Hanbury-Brown,fhanburybrown9c@ifeng.com
338,Giusto,Marven,gmarven9d@washingtonpost.com
339,Milty,Choffin,mchoffin9e@soundcloud.com
340,Paco,Dewer,pdewer9f@cocolog-nifty.com
341,Vania,Guys,vguys9g@businessweek.com
342,Krishna,Bullerwell,kbullerwell9h@blinklist.com
343,Halli,Phittiplace,hphittiplace9i@cdbaby.com
344,Sherline,Willmore,swillmore9j@fotki.com
345,Pet,Undy,pundy9k@plala.or.jp
346,Laraine,Rundle,lrundle9l@oaic.gov.au
347,Debby,Rowland,drowland9m@opensource.org
348,Casie,Stutter,cstutter9n@parallels.com
349,Antony,Mancer,amancer9o@vk.com
350,Celle,Jacobssen,cjacobssen9p@yale.edu
351,Leela,Valde,lvalde9q@canalblog.com
352,Tobias,Ilyukhov,tilyukhov9r@newsvine.com
353,Babara,Dibdin,bdibdin9s@canalblog.com
354,Tim,Blindermann,tblindermann9t@google.co.jp
355,Cleopatra,Prayer,cprayer9u@nature.com
356,Dalis,Cantu,dcantu9v@google.com.br
357,Eziechiele,Dowdall,edowdall9w@dagondesign.com
358,Rennie,Gorst,rgorst9x@digg.com
359,Talbot,Tyler,ttyler9y@uiuc.edu
360,Cathlene,Ellerman,cellerman9z@unc.edu
361,Samantha,Ilyasov,silyasova0@histats.com
362,Sashenka,Digman,sdigmana1@buzzfeed.com
363,Curr,Niche,cnichea2@omniture.com
364,Isidora,Playford,iplayforda3@bloglines.com
365,Garnet,Nitto,gnittoa4@meetup.com
366,Eustacia,Elix,eelixa5@epa.gov
367,Rustie,Flanaghan,rflanaghana6@posterous.com
368,Dona,Meenan,dmeenana7@epa.gov
369,Golda,Duhig,gduhiga8@typepad.com
370,Jolee,Gavini,jgavinia9@studiopress.com
371,Roxanne,Lascell,rlascellaa@ameblo.jp
372,Sarette,Baker,sbakerab@webs.com
373,Shayla,Wyss,swyssac@ifeng.com
374,Stanfield,Knatt,sknattad@imdb.com
375,Teodoro,Ravenscraft,travenscraftae@house.gov
376,Violette,Gribbin,vgribbinaf@apple.com
377,Lianna,Verrechia,lverrechiaag@cargocollective.com
378,Sephira,McMorland,smcmorlandah@flickr.com
379,Tabby,Kilshaw,tkilshawai@uiuc.edu
380,Brewster,De Rechter,bderechteraj@mapy.cz
381,Curran,Pickance,cpickanceak@fda.gov
382,Evangeline,Feedome,efeedomeal@ycombinator.com
383,Huberto,Breeder,hbreederam@wikia.com
384,Natty,Lilbourne,nlilbournean@1und1.de
385,Kaile,Collocott,kcollocottao@youku.com
386,Odele,Semper,osemperap@xrea.com
387,Bertine,Moyes,bmoyesaq@state.tx.us
388,Benjy,Frangleton,bfrangletonar@nifty.com
389,Danie,Orth,dorthas@twitter.com
390,Lani,Moscrop,lmoscropat@1und1.de
391,Olympia,McLay,omclayau@arstechnica.com
392,Tarah,Cheers,tcheersav@fastcompany.com
393,Ashton,Boyda,aboydaaw@vistaprint.com
394,Ibbie,Japp,ijappax@businessinsider.com
395,Jill,Glennie,jglennieay@chronoengine.com
396,Gary,Ricarde,gricardeaz@1und1.de
397,Vanya,Wakeham,vwakehamb0@msu.edu
398,Mano,Rubinfeld,mrubinfeldb1@columbia.edu
399,Bronny,Woodman,bwoodmanb2@dmoz.org
400,Sofie,Loft,sloftb3@behance.net
401,Anne-marie,Rechert,arechertb4@domainmarket.com
402,Felisha,Corking,fcorkingb5@nature.com
403,Bronny,Hanhardt,bhanhardtb6@huffingtonpost.com
404,Carny,Matus,cmatusb7@patch.com
405,Carina,Cullnean,ccullneanb8@usgs.gov
406,Hamlen,Ivers,hiversb9@eventbrite.com
407,Hersch,Bows,hbowsba@bbb.org
408,Kristine,MacAlpine,kmacalpinebb@howstuffworks.com
409,Jammal,Fromant,jfromantbc@weather.com
410,Eachelle,Camelin,ecamelinbd@statcounter.com
411,Rosabella,Moroney,rmoroneybe@archive.org
412,Britni,Ivic,bivicbf@comcast.net
413,Cristina,Sodor,csodorbg@deliciousdays.com
414,Jerrome,Feehery,jfeeherybh@gnu.org
415,Shay,Forsard,sforsardbi@youtube.com
416,Ossie,Besant,obesantbj@stumbleupon.com
417,Kennie,Marritt,kmarrittbk@aol.com
418,Teodora,Strethill,tstrethillbl@g.co
419,Rene,Busfield,rbusfieldbm@photobucket.com
420,Gill,Pendlebery,gpendleberybn@ameblo.jp
421,Antonio,Hayter,ahayterbo@upenn.edu
422,Melissa,Heinig,mheinigbp@craigslist.org
423,Raymund,Kerridge,rkerridgebq@accuweather.com
424,Belinda,Pauls,bpaulsbr@upenn.edu
425,Merl,Ledward,mledwardbs@webs.com
426,Chrystal,Sibborn,csibbornbt@pinterest.com
427,Oneida,Windrum,owindrumbu@wp.com
428,Florella,Eakeley,feakeleybv@howstuffworks.com
429,Clareta,Deevey,cdeeveybw@cnn.com
430,Axe,Lowery,alowerybx@miitbeian.gov.cn
431,Silvie,Caulier,scaulierby@sciencedirect.com
432,Ilsa,Pinard,ipinardbz@ox.ac.uk
433,Tull,Dimanche,tdimanchec0@google.ru
434,Jean,Tinklin,jtinklinc1@clickbank.net
435,Boonie,Cutford,bcutfordc2@nyu.edu
436,Wilma,Brinsden,wbrinsdenc3@google.co.uk
437,Quinlan,Eggleton,qeggletonc4@w3.org
438,Thornie,Sehorsch,tsehorschc5@fastcompany.com
439,Millisent,Braun,mbraunc6@goo.ne.jp
440,Cloe,Di Maggio,cdimaggioc7@toplist.cz
441,Rachele,Ballinger,rballingerc8@tuttocitta.it
442,Joyous,McKnockiter,jmcknockiterc9@prweb.com
443,Urban,Fossey,ufosseyca@eventbrite.com
444,Horst,Greenman,hgreenmancb@sun.com
445,Neill,Scyone,nscyonecc@trellian.com
446,Charley,Verrell,cverrellcd@tmall.com
447,Jeanette,Dumphy,jdumphyce@tinyurl.com
448,Bob,Ible,biblecf@stanford.edu
449,Sigismondo,Burchess,sburchesscg@un.org
450,Justina,Snel,jsnelch@theatlantic.com
451,Niels,Daily,ndailyci@devhub.com
452,Donna,Danielot,ddanielotcj@squarespace.com
453,Gibbie,Oldman,goldmanck@dailymotion.com
454,Maryrose,Bedder,mbeddercl@google.co.uk
455,Lawry,Garritley,lgarritleycm@chronoengine.com
456,Renate,Messam,rmessamcn@woothemes.com
457,Mariska,Stivey,mstiveyco@timesonline.co.uk
458,Petr,Agott,pagottcp@homestead.com
459,Lynnell,Bastard,lbastardcq@walmart.com
460,Boigie,Loutheane,bloutheanecr@imageshack.us
461,Kenny,Birtley,kbirtleycs@cdbaby.com
462,Peggy,Gaddesby,pgaddesbyct@altervista.org
463,Baillie,Cisco,bciscocu@nih.gov
464,Rasla,Bayless,rbaylesscv@mashable.com
465,Rabbi,Ivasyushkin,rivasyushkincw@narod.ru
466,Lorens,Millea,lmilleacx@themeforest.net
467,Annecorinne,Scudamore,ascudamorecy@etsy.com
468,Stearn,Grutchfield,sgrutchfieldcz@google.com
469,Garold,Deme,gdemed0@smugmug.com
470,Pincas,MacArthur,pmacarthurd1@theglobeandmail.com
471,Abdel,Fynes,afynesd2@freewebs.com
472,Lewiss,Kendred,lkendredd3@ox.ac.uk
473,Reid,Potzold,rpotzoldd4@auda.org.au
474,Carol,Hobson,chobsond5@ehow.com
475,Radcliffe,Poat,rpoatd6@over-blog.com
476,Hermann,Edgett,hedgettd7@imageshack.us
477,Trever,Wigmore,twigmored8@chronoengine.com
478,Concettina,Frowing,cfrowingd9@timesonline.co.uk
479,Veronica,Jambrozek,vjambrozekda@zdnet.com
480,Meredith,Cominotti,mcominottidb@thetimes.co.uk
481,Enos,Ivanishev,eivanishevdc@diigo.com
482,Fey,Yon,fyondd@sina.com.cn
483,Allis,Burgin,aburginde@hc360.com
484,Shepherd,Tembridge,stembridgedf@slideshare.net
485,Erny,Papierz,epapierzdg@admin.ch
486,Isa,Swinnard,iswinnarddh@guardian.co.uk
487,Doroteya,Dishman,ddishmandi@typepad.com
488,Carson,Blackborn,cblackborndj@icio.us
489,Demetre,Burditt,dburdittdk@cocolog-nifty.com
490,Laurella,Poundford,lpoundforddl@bloglines.com
491,Grazia,Herety,gheretydm@bing.com
492,Alfred,Westrip,awestripdn@ifeng.com
493,Pavia,Macieiczyk,pmacieiczykdo@acquirethisname.com
494,Michelle,Issatt,missattdp@twitter.com
495,Jobina,Coche,jcochedq@newyorker.com
496,Laurette,Blanque,lblanquedr@nydailynews.com
497,Darcy,Naile,dnaileds@devhub.com
498,Ilyssa,Downs,idownsdt@dmoz.org
499,Aigneis,Crevy,acrevydu@nps.gov
500,Albrecht,Dahlborg,adahlborgdv@imdb.com
501,Dare,Banane,dbananedw@bloglines.com
502,Estrellita,Purdey,epurdeydx@gnu.org
503,Gilemette,Watman,gwatmandy@w3.org
504,Ad,Saiz,asaizdz@jalbum.net
505,Terese,Olpin,tolpine0@multiply.com
506,Blondelle,Ohrt,bohrte1@mit.edu
507,Othella,Joskowicz,ojoskowicze2@xing.com
508,Adrianna,Westrey,awestreye3@smugmug.com
509,Ber,Phebee,bphebeee4@sina.com.cn
510,Vern,Janik,vjanike5@businesswire.com
511,Lawton,Gonzalez,lgonzaleze6@wix.com
512,Rollo,Gooly,rgoolye7@hao123.com
513,Jerrie,Rouchy,jrouchye8@list-manage.com
514,Dodi,Cayford,dcayforde9@usnews.com
515,Theressa,Rawlinson,trawlinsonea@rediff.com
516,Leandra,Scrivinor,lscrivinoreb@icio.us
517,Debi,Depper,ddepperec@desdev.cn
518,Ernie,Keeble,ekeebleed@independent.co.uk
519,Eliot,Hillin,ehillinee@tumblr.com
520,Tadeas,Moffat,tmoffatef@icq.com
521,Abbott,Davidzon,adavidzoneg@purevolume.com
522,Basil,Grevatt,bgrevatteh@alexa.com
523,Chantal,Hanbury,chanburyei@arstechnica.com
524,Annette,Pavlata,apavlataej@sciencedirect.com
525,Netti,Al Hirsi,nalhirsiek@yahoo.co.jp
526,Archibaldo,Musson,amussonel@cbslocal.com
527,Violante,Treadway,vtreadwayem@earthlink.net
528,Janeczka,Duffree,jduffreeen@wisc.edu
529,Conan,Raitt,craitteo@4shared.com
530,Darrell,Demangeon,ddemangeonep@illinois.edu
531,Henryetta,Hollier,hholliereq@stanford.edu
532,Suzette,Pattingson,spattingsoner@ca.gov
533,Prissie,Welford,pwelfordes@zimbio.com
534,Cristal,Yakovitch,cyakovitchet@hatena.ne.jp
535,Alvis,Balsdon,abalsdoneu@yahoo.com
536,Leanora,MacTerrelly,lmacterrellyev@furl.net
537,Melania,Hoffner,mhoffnerew@forbes.com
538,Fritz,Hattoe,fhattoeex@aol.com
539,Onida,Wilsey,owilseyey@people.com.cn
540,Tiffanie,Guiden,tguidenez@irs.gov
541,Jessica,Anetts,janettsf0@gravatar.com
542,Huntlee,Iacopo,hiacopof1@bandcamp.com
543,Barrie,Atthowe,batthowef2@tripadvisor.com
544,Blondie,Allebone,ballebonef3@berkeley.edu
545,Truman,Thumann,tthumannf4@pen.io
546,Teriann,Lantiffe,tlantiffef5@wikipedia.org
547,Eveline,Speke,espekef6@netlog.com
548,Di,Mardle,dmardlef7@miitbeian.gov.cn
549,Ely,Mitcheson,emitchesonf8@disqus.com
550,Dre,Roelofsen,droelofsenf9@baidu.com
551,Theressa,Childes,tchildesfa@pen.io
552,Merralee,Piggot,mpiggotfb@economist.com
553,Rancell,Crennell,rcrennellfc@amazonaws.com
554,Eugine,Dybell,edybellfd@boston.com
555,Joshia,Kinny,jkinnyfe@who.int
556,Zora,Dallender,zdallenderff@wikimedia.org
557,Giavani,Reily,greilyfg@usgs.gov
558,Coralie,Hutcheson,chutchesonfh@oaic.gov.au
559,Michelle,Arne,marnefi@yelp.com
560,Griff,Readings,greadingsfj@jigsy.com
561,Jake,Bracknell,jbracknellfk@deviantart.com
562,Barnebas,Marlow,bmarlowfl@yahoo.co.jp
563,Madelon,Faro,mfarofm@google.co.uk
564,Kelcy,Kelson,kkelsonfn@netscape.com
565,Hatty,Dallyn,hdallynfo@hatena.ne.jp
566,Jeremias,Spitell,jspitellfp@bandcamp.com
567,Claudian,Yele,cyelefq@yellowpages.com
568,Christina,Hyndes,chyndesfr@php.net
569,Donovan,McRoberts,dmcrobertsfs@parallels.com
570,Lee,Sprague,lspragueft@sfgate.com
571,Miriam,McGiffie,mmcgiffiefu@comsenz.com
572,Ivonne,Tomney,itomneyfv@joomla.org
573,Nester,Cosslett,ncosslettfw@pen.io
574,Lazare,Callway,lcallwayfx@alibaba.com
575,Sibylle,Fierro,sfierrofy@a8.net
576,Merrill,Sreenan,msreenanfz@marriott.com
577,Orel,Say,osayg0@ucla.edu
578,Willamina,Meany,wmeanyg1@stanford.edu
579,Mireielle,Tubby,mtubbyg2@irs.gov
580,Josy,McReynolds,jmcreynoldsg3@pbs.org
581,Charmaine,Cobson,ccobsong4@seesaa.net
582,Redford,Margett,rmargettg5@forbes.com
583,Serena,Petrashkov,spetrashkovg6@yahoo.com
584,Monty,Callaway,mcallawayg7@google.it
585,Dulcie,Guilder,dguilderg8@prnewswire.com
586,Blair,Scritch,bscritchg9@cnbc.com
587,Neal,Miroy,nmiroyga@examiner.com
588,Darice,Noye,dnoyegb@springer.com
589,Ric,Bordiss,rbordissgc@github.io
590,Juliane,Jillions,jjillionsgd@apple.com
591,Arron,Chrystie,achrystiege@comcast.net
592,Kaylil,Lyddiatt,klyddiattgf@telegraph.co.uk
593,Nola,Bizley,nbizleygg@newyorker.com
594,Ernst,Peckham,epeckhamgh@sun.com
595,Filide,Agirre,fagirregi@upenn.edu
596,Deva,Loosemore,dloosemoregj@eventbrite.com
597,Noni,Clac,nclacgk@reuters.com
598,Brigid,Tallis,btallisgl@google.de
599,Angie,Petroff,apetroffgm@cam.ac.uk
600,Abbie,Simkins,asimkinsgn@sciencedirect.com
601,Risa,Wallington,rwallingtongo@wunderground.com
602,Keelby,Hamly,khamlygp@a8.net
603,Lorita,Marcroft,lmarcroftgq@infoseek.co.jp
604,Hartwell,Cusiter,hcusitergr@jalbum.net
605,Dougy,Rosita,drositags@mashable.com
606,Giulio,Wetherell,gwetherellgt@epa.gov
607,Leon,Malpas,lmalpasgu@reference.com
608,Bat,Penfold,bpenfoldgv@netlog.com
609,Lin,Eggle,legglegw@si.edu
610,Lem,Duffus,lduffusgx@ehow.com
611,West,Wistance,wwistancegy@huffingtonpost.com
612,Merla,Eykelhof,meykelhofgz@nytimes.com
613,Aliza,Bushell,abushellh0@shinystat.com
614,Jaclyn,Yakunikov,jyakunikovh1@yandex.ru
615,Cordelia,Pevie,cpevieh2@wikimedia.org
616,Felicio,Crucitti,fcrucittih3@sphinn.com
617,Marcy,Walby,mwalbyh4@stanford.edu
618,Evin,Circuitt,ecircuitth5@washingtonpost.com
619,Christin,Mills,cmillsh6@hexun.com
620,Gunilla,Kahler,gkahlerh7@mayoclinic.com
621,Anne-marie,Jepensen,ajepensenh8@geocities.com
622,Kirbie,Harce,kharceh9@storify.com
623,Alard,Peaden,apeadenha@phpbb.com
624,Linoel,Childers,lchildershb@discuz.net
625,Daniella,Coakley,dcoakleyhc@theglobeandmail.com
626,Erena,Hagyard,ehagyardhd@histats.com
627,Tyne,Rooksby,trooksbyhe@macromedia.com
628,Solly,Guidoni,sguidonihf@diigo.com
629,Merla,Thoma,mthomahg@examiner.com
630,Allina,Davidwitz,adavidwitzhh@gizmodo.com
631,Lynett,Euels,leuelshi@rambler.ru
632,Hasheem,Crocetti,hcrocettihj@salon.com
633,Sinclair,Inchley,sinchleyhk@shinystat.com
634,Malchy,Buxton,mbuxtonhl@theguardian.com
635,Austin,Morrice,amorricehm@phpbb.com
636,Anabal,Felgat,afelgathn@ehow.com
637,Hugues,Rainsbury,hrainsburyho@vk.com
638,Hurlee,Hindes,hhindeshp@usa.gov
639,Pepita,Archanbault,parchanbaulthq@nhs.uk
640,Haskell,Jeste,hjestehr@blogspot.com
641,Jody,Hamberston,jhamberstonhs@ftc.gov
642,Maximo,Leckenby,mleckenbyht@businesswire.com
643,Celina,Gasticke,cgastickehu@google.com.hk
644,Harvey,Baltzar,hbaltzarhv@macromedia.com
645,Romona,Warham,rwarhamhw@businessweek.com
646,Charo,Wong,cwonghx@flickr.com
647,Lila,Thaller,lthallerhy@wufoo.com
648,Roarke,Hunte,rhuntehz@ow.ly
649,Desdemona,Rendall,drendalli0@biblegateway.com
650,Delia,Wardrope,dwardropei1@cyberchimps.com
651,Jacki,Vasichev,jvasichevi2@dell.com
652,Hoyt,Stearley,hstearleyi3@usda.gov
653,Carmencita,Perassi,cperassii4@xing.com
654,Druci,Menary,dmenaryi5@usnews.com
655,Luz,Johanssen,ljohansseni6@topsy.com
656,Nickola,Verdie,nverdiei7@imgur.com
657,Nicolette,Thrift,nthrifti8@army.mil
658,Yulma,Carde,ycardei9@huffingtonpost.com
659,Annmarie,Strothers,astrothersia@angelfire.com
660,Jillene,Cattonnet,jcattonnetib@smugmug.com
661,Salaidh,Lindermann,slindermannic@lulu.com
662,Mag,Barringer,mbarringerid@hugedomains.com
663,Kellsie,Dawidowitsch,kdawidowitschie@bloglovin.com
664,Janice,Bartholomaus,jbartholomausif@posterous.com
665,Pete,Penson,ppensonig@weibo.com
666,Silvester,Coltan,scoltanih@tinypic.com
667,Drona,Parkyn,dparkynii@sun.com
668,Rock,Noddings,rnoddingsij@guardian.co.uk
669,Bernie,De La Coste,bdelacosteik@ed.gov
670,Hercules,Bousquet,hbousquetil@cnet.com
671,Tucker,Reynard,treynardim@gmpg.org
672,Farrand,Sedworth,fsedworthin@geocities.com
673,Tibold,Lawdham,tlawdhamio@seesaa.net
674,Averill,Lowth,alowthip@nasa.gov
675,Reyna,Scottesmoor,rscottesmooriq@independent.co.uk
676,Jenelle,Larkby,jlarkbyir@over-blog.com
677,Gennie,Varney,gvarneyis@google.com.br
678,Town,Seton,tsetonit@shop-pro.jp
679,Willie,Keefe,wkeefeiu@google.ru
680,Wilhelm,Woodham,wwoodhamiv@nytimes.com
681,Kacey,McMonnies,kmcmonniesiw@time.com
682,Morie,Kelly,mkellyix@amazon.co.jp
683,Emmy,Wallwork,ewallworkiy@i2i.jp
684,Rhea,Tolliday,rtollidayiz@wordpress.com
685,Virgil,Curnucke,vcurnuckej0@xrea.com
686,Durward,Deveril,ddeverilj1@delicious.com
687,Aguie,Stihl,astihlj2@google.cn
688,Sharl,Messingham,smessinghamj3@cdbaby.com
689,Barrie,Raikes,braikesj4@exblog.jp
690,Sophi,Quemby,squembyj5@va.gov
691,Barris,Gawler,bgawlerj6@illinois.edu
692,Charlot,Peagram,cpeagramj7@wordpress.org
693,Ode,MacGuiness,omacguinessj8@timesonline.co.uk
694,Noami,Ind,nindj9@dmoz.org
695,Ambrosi,Toffalo,atoffaloja@zdnet.com
696,Joyce,Ceschini,jceschinijb@rediff.com
697,Anthiathia,Phippen,aphippenjc@admin.ch
698,Jenilee,Josling,jjoslingjd@wix.com
699,Stepha,Elkins,selkinsje@sohu.com
700,Aggi,Winterbotham,awinterbothamjf@omniture.com
701,Charmain,Brooke,cbrookejg@irs.gov
702,Cletis,Trangmar,ctrangmarjh@sourceforge.net
703,Octavius,Tixier,otixierji@skype.com
704,Colet,Hubane,chubanejj@twitpic.com
705,Alissa,Tebbe,atebbejk@sciencedirect.com
706,Chrotoem,Jeschner,cjeschnerjl@amazon.de
707,Devan,Fibbit,dfibbitjm@timesonline.co.uk
708,Thorndike,Titterrell,ttitterrelljn@flickr.com
709,Hubey,Sink,hsinkjo@mail.ru
710,Shelli,Cicchitello,scicchitellojp@mayoclinic.com
711,Bert,Belin,bbelinjq@t.co
712,Idalia,Dumbelton,idumbeltonjr@trellian.com
713,Norri,Vasler,nvaslerjs@cam.ac.uk
714,Margarita,Brittlebank,mbrittlebankjt@pinterest.com
715,Roze,Faireclough,rfairecloughju@un.org
716,Oriana,Chieco,ochiecojv@goo.gl
717,Libby,Speak,lspeakjw@studiopress.com
718,Arther,Slinger,aslingerjx@themeforest.net
719,Gideon,Van Arsdale,gvanarsdalejy@japanpost.jp
720,Christabella,Laity,claityjz@tmall.com
721,Tabatha,Newcombe,tnewcombek0@squarespace.com
722,Clarey,Manske,cmanskek1@surveymonkey.com
723,Sander,Duddan,sduddank2@fema.gov
724,Klara,Juhruke,kjuhrukek3@ucla.edu
725,Ike,L'Episcopio,ilepiscopiok4@telegraph.co.uk
726,Fayre,Algar,falgark5@lycos.com
727,Dianemarie,Duckwith,dduckwithk6@lycos.com
728,Marco,Franzotto,mfranzottok7@tmall.com
729,Nanine,Ronisch,nronischk8@cpanel.net
730,Osborn,Condon,ocondonk9@nba.com
731,Deane,Ladley,dladleyka@uiuc.edu
732,Jake,Zaniolini,jzaniolinikb@un.org
733,Dorthy,Crichley,dcrichleykc@nyu.edu
734,Clarie,Circuitt,ccircuittkd@ocn.ne.jp
735,Kylie,Roggers,kroggerske@wired.com
736,Giavani,Emblen,gemblenkf@facebook.com
737,Norah,Pieters,npieterskg@amazonaws.com
738,Upton,Hamlen,uhamlenkh@typepad.com
739,Basilius,Nys,bnyski@ezinearticles.com
740,Norrie,Hacking,nhackingkj@comsenz.com
741,Hollie,Corps,hcorpskk@imageshack.us
742,Jock,Belcham,jbelchamkl@wufoo.com
743,Justus,Hendrickson,jhendricksonkm@microsoft.com
744,Purcell,Sebert,psebertkn@flickr.com
745,Adria,Goacher,agoacherko@devhub.com
746,Rozanne,Swafford,rswaffordkp@weibo.com
747,Kore,Coupman,kcoupmankq@surveymonkey.com
748,Shaylyn,Jaggi,sjaggikr@cargocollective.com
749,Odilia,Sabathe,osabatheks@china.com.cn
750,Ahmad,Sarfatti,asarfattikt@nytimes.com
751,Valenka,Gorusso,vgorussoku@ycombinator.com
752,Jami,McCloud,jmccloudkv@over-blog.com
753,Rasia,Dack,rdackkw@house.gov
754,Joelle,Tootell,jtootellkx@princeton.edu
755,Dagmar,McGovern,dmcgovernky@altervista.org
756,Elisa,Sidry,esidrykz@goo.gl
757,Bette-ann,Chevolleau,bchevolleaul0@fastcompany.com
758,Brigit,Larrosa,blarrosal1@bluehost.com
759,Harrison,Monkley,hmonkleyl2@zimbio.com
760,Hermy,Goodram,hgoodraml3@canalblog.com
761,Caria,Beuscher,cbeuscherl4@skype.com
762,Stace,Hobbing,shobbingl5@goo.gl
763,Janine,Brahan,jbrahanl6@sakura.ne.jp
764,Geno,Celes,gcelesl7@ebay.com
765,Robby,Munslow,rmunslowl8@gov.uk
766,Allegra,Brackenridge,abrackenridgel9@google.nl
767,Briana,Belcher,bbelcherla@smh.com.au
768,Ethelind,Hoofe,ehoofelb@xrea.com
769,Henrik,Lackner,hlacknerlc@columbia.edu
770,Care,Wilsher,cwilsherld@topsy.com
771,Coralie,Sprigging,cspriggingle@cdbaby.com
772,Sibeal,Ickovici,sickovicilf@theglobeandmail.com
773,Dehlia,Errey,derreylg@wunderground.com
774,Ahmad,Zorzutti,azorzuttilh@edublogs.org
775,Nanice,Ratnege,nratnegeli@salon.com
776,Rhonda,Wehner,rwehnerlj@joomla.org
777,Micah,Ravenscroftt,mravenscrofttlk@squarespace.com
778,Abby,Callear,acallearll@shareasale.com
779,Lew,Longland,llonglandlm@nydailynews.com
780,Kiri,Ethelstone,kethelstoneln@techcrunch.com
781,Dario,Twiggs,dtwiggslo@yahoo.co.jp
782,Rupert,Andover,randoverlp@home.pl
783,Keriann,Mintram,kmintramlq@cafepress.com
784,Shannah,Domican,sdomicanlr@boston.com
785,Odille,Rockliffe,orockliffels@ustream.tv
786,Ker,Grinsdale,kgrinsdalelt@shinystat.com
787,Myrtice,Capron,mcapronlu@constantcontact.com
788,Brandy,Pellett,bpellettlv@princeton.edu
789,Editha,Orrocks,eorrockslw@si.edu
790,Starlene,Leacy,sleacylx@friendfeed.com
791,Marcelline,Wardel,mwardelly@dion.ne.jp
792,Muriel,Morilla,mmorillalz@nhs.uk
793,Karlis,Vazquez,kvazquezm0@weather.com
794,Selinda,Norquoy,snorquoym1@list-manage.com
795,Millisent,Belloch,mbellochm2@foxnews.com
796,Filide,Beever,fbeeverm3@unesco.org
797,Nickie,Anstice,nansticem4@disqus.com
798,Alane,Kuscha,akuscham5@cpanel.net
799,Dougie,Creggan,dcregganm6@answers.com
800,Farrah,Langmead,flangmeadm7@storify.com
801,Hobard,Smiley,hsmileym8@microsoft.com
802,Adore,Strongman,astrongmanm9@google.nl
803,Jesus,Reinisch,jreinischma@ed.gov
804,Zebedee,Kayser,zkaysermb@naver.com
805,Niki,Edgson,nedgsonmc@aol.com
806,Engracia,Harold,eharoldmd@washington.edu
807,Marla,Leveritt,mleverittme@msu.edu
808,Zaccaria,Keady,zkeadymf@about.me
809,Maureen,Rigbye,mrigbyemg@hibu.com
810,Liv,Olivello,lolivellomh@last.fm
811,Igor,Blackey,iblackeymi@hc360.com
812,Antonius,Asmus,aasmusmj@mysql.com
813,Maxy,Pittle,mpittlemk@bizjournals.com
814,Puff,Poytres,ppoytresml@vistaprint.com
815,Elke,Stoffer,estoffermm@prlog.org
816,Jaymee,Damarell,jdamarellmn@economist.com
817,Maurizia,Cripps,mcrippsmo@youtu.be
818,Jordan,Le Marchand,jlemarchandmp@bloglovin.com
819,Berne,Daughton,bdaughtonmq@alibaba.com
820,Renard,Rollinshaw,rrollinshawmr@europa.eu
821,Elna,Yanin,eyaninms@ft.com
822,Drona,Ephgrave,dephgravemt@tripod.com
823,Symon,Meron,smeronmu@t-online.de
824,Willamina,Rosone,wrosonemv@prlog.org
825,Alon,Barthorpe,abarthorpemw@ebay.co.uk
826,Sharron,Soldi,ssoldimx@addthis.com
827,Rochette,Griffithe,rgriffithemy@springer.com
828,Carleen,Menary,cmenarymz@prlog.org
829,Steward,Hickisson,shickissonn0@altervista.org
830,Stern,Vials,svialsn1@cmu.edu
831,Bartholemy,Standrin,bstandrinn2@globo.com
832,Jeanie,Goozee,jgoozeen3@weather.com
833,Letti,Torritti,ltorrittin4@chronoengine.com
834,Blakelee,Dundon,bdundonn5@yellowbook.com
835,Dita,Mallabon,dmallabonn6@spotify.com
836,Gabrielle,Budgeon,gbudgeonn7@tiny.cc
837,Rebbecca,Bygraves,rbygravesn8@studiopress.com
838,Milka,Colliard,mcolliardn9@mlb.com
839,Kim,Crawcour,kcrawcourna@themeforest.net
840,Bee,McCreadie,bmccreadienb@hatena.ne.jp
841,Queenie,Vasovic,qvasovicnc@xrea.com
842,Stephani,Cannaway,scannawaynd@infoseek.co.jp
843,Paolina,Calleja,pcallejane@twitter.com
844,Berty,Wort,bwortnf@google.com
845,Jillie,Duesbury,jduesburyng@china.com.cn
846,Freddy,Lamps,flampsnh@craigslist.org
847,Torey,Odgers,todgersni@histats.com
848,Abbye,Crone,acronenj@list-manage.com
849,Katerine,Loreit,kloreitnk@php.net
850,Jody,Peyton,jpeytonnl@upenn.edu
851,Annadiana,Kohlerman,akohlermannm@usgs.gov
852,Tobe,Casswell,tcasswellnn@about.me
853,Lusa,Labusch,llabuschno@fc2.com
854,Emlyn,Dunkerly,edunkerlynp@stumbleupon.com
855,Farrah,Norker,fnorkernq@abc.net.au
856,Jason,Filipyev,jfilipyevnr@slideshare.net
857,Billi,Peddersen,bpeddersenns@google.de
858,Godfrey,Holsey,gholseynt@furl.net
859,Ezekiel,Freckingham,efreckinghamnu@nyu.edu
860,Taddeusz,Hackin,thackinnv@japanpost.jp
861,Ethelyn,Orrett,eorrettnw@google.co.uk
862,Glenine,Roome,groomenx@yolasite.com
863,Karyl,Abotson,kabotsonny@slideshare.net
864,Ginny,Stoyell,gstoyellnz@discovery.com
865,Sky,Warre,swarreo0@tmall.com
866,Judye,Brand,jbrando1@behance.net
867,Dana,Gorden,dgordeno2@mediafire.com
868,Silvanus,Brownsell,sbrownsello3@si.edu
869,Stavros,O'Mannion,somanniono4@google.it
870,Horace,Brussels,hbrusselso5@google.es
871,Maure,Dinsell,mdinsello6@hibu.com
872,Daniel,Giacomuzzo,dgiacomuzzoo7@nature.com
873,Linn,Kelso,lkelsoo8@infoseek.co.jp
874,Hewitt,Gwynne,hgwynneo9@csmonitor.com
875,Henderson,Barribal,hbarribaloa@usa.gov
876,Sinclare,Kingsland,skingslandob@unesco.org
877,Blanca,Carmo,bcarmooc@multiply.com
878,Meriel,Riddle,mriddleod@webs.com
879,Ezequiel,Malin,emalinoe@huffingtonpost.com
880,Valerie,Reinger,vreingerof@barnesandnoble.com
881,Sauncho,Gambles,sgamblesog@shop-pro.jp
882,Nerita,Ksandra,nksandraoh@shutterfly.com
883,Angelita,Crus,acrusoi@naver.com
884,Pollyanna,Bertelmot,pbertelmotoj@opera.com
885,Gerhard,Faircliff,gfaircliffok@woothemes.com
886,Kassia,Juhruke,kjuhrukeol@about.me
887,Donny,Agar,dagarom@bluehost.com
888,Jacquie,Kiddy,jkiddyon@over-blog.com
889,Katerina,MacSkeaghan,kmacskeaghanoo@wisc.edu
890,Deeanne,Lindl,dlindlop@godaddy.com
891,Kay,Deener,kdeeneroq@google.fr
892,Marthena,Haggata,mhaggataor@live.com
893,Marsiella,Formilli,mformillios@foxnews.com
894,Rourke,Osban,rosbanot@sitemeter.com
895,Blondie,Dullingham,bdullinghamou@jalbum.net
896,Xerxes,Harower,xharowerov@parallels.com
897,Antonie,Cutill,acutillow@friendfeed.com
898,Natal,Sweetenham,nsweetenhamox@chron.com
899,Even,Bedome,ebedomeoy@wiley.com
900,Julieta,Josephi,jjosephioz@bloomberg.com
901,Pren,Warry,pwarryp0@alexa.com
902,Colas,Stitle,cstitlep1@nytimes.com
903,Trever,Cowlishaw,tcowlishawp2@cnn.com
904,Carlen,Bloxsom,cbloxsomp3@cafepress.com
905,Corabelle,Rangall,crangallp4@china.com.cn
906,Kennett,Norewood,knorewoodp5@reddit.com
907,Constantia,Porte,cportep6@senate.gov
908,Leshia,Ingle,linglep7@acquirethisname.com
909,Shalna,Maass,smaassp8@51.la
910,Zia,Quirk,zquirkp9@google.pl
911,Ricoriki,Braidford,rbraidfordpa@macromedia.com
912,Maggie,Pascho,mpaschopb@yellowpages.com
913,Eugine,Pyzer,epyzerpc@disqus.com
914,Stan,Ungaretti,sungarettipd@parallels.com
915,Arnold,Wooland,awoolandpe@odnoklassniki.ru
916,Carolyne,Kirkby,ckirkbypf@dailymail.co.uk
917,Reg,Bohlin,rbohlinpg@europa.eu
918,Reinald,Dablin,rdablinph@ftc.gov
919,Marje,Studdard,mstuddardpi@umn.edu
920,Blinny,Francescoccio,bfrancescocciopj@squarespace.com
921,Cy,Lisle,clislepk@altervista.org
922,Chaim,Cheeney,ccheeneypl@comsenz.com
923,Pamella,Postill,ppostillpm@yolasite.com
924,Austina,White,awhitepn@msu.edu
925,Petr,Yersin,pyersinpo@reddit.com
926,Jodee,McAree,jmcareepp@timesonline.co.uk
927,Eugine,Topham,etophampq@bandcamp.com
928,Wes,Frank,wfrankpr@twitpic.com
929,Mordy,Glasebrook,mglasebrookps@europa.eu
930,Emylee,Maymond,emaymondpt@webnode.com
931,Barbi,McFeat,bmcfeatpu@examiner.com
932,Duke,Burges,dburgespv@soundcloud.com
933,Broddy,Ragdale,bragdalepw@devhub.com
934,Clarice,De Mattia,cdemattiapx@shutterfly.com
935,Haven,Chorley,hchorleypy@ifeng.com
936,Darya,Sommerlin,dsommerlinpz@gmpg.org
937,Salvidor,Durbyn,sdurbynq0@buzzfeed.com
938,Daisi,Cathcart,dcathcartq1@ted.com
939,Tracee,Larmet,tlarmetq2@ezinearticles.com
940,Barby,Disman,bdismanq3@chicagotribune.com
941,Cherye,Ropkes,cropkesq4@gizmodo.com
942,Jacquenette,Buske,jbuskeq5@amazon.co.jp
943,Pegeen,Temlett,ptemlettq6@home.pl
944,Ruthi,Bortolutti,rbortoluttiq7@columbia.edu
945,Katherine,Brundale,kbrundaleq8@irs.gov
946,Gavin,Pales,gpalesq9@chronoengine.com
947,Kristin,Marson,kmarsonqa@last.fm
948,Ogdon,Goard,ogoardqb@istockphoto.com
949,Jenica,Willgress,jwillgressqc@usnews.com
950,Emelyne,Maccraw,emaccrawqd@twitter.com
951,Urson,Ransome,uransomeqe@illinois.edu
952,Karim,Boothman,kboothmanqf@goodreads.com
953,Annadiana,Duggan,adugganqg@redcross.org
954,Fredek,Vairow,fvairowqh@timesonline.co.uk
955,Ramon,Stoyell,rstoyellqi@miitbeian.gov.cn
956,Dara,Milhench,dmilhenchqj@craigslist.org
957,Britni,Schulz,bschulzqk@cloudflare.com
958,Merilyn,Haylock,mhaylockql@ftc.gov
959,Amie,Emeline,aemelineqm@house.gov
960,Sinclair,Doxey,sdoxeyqn@bloomberg.com
961,Danit,Pickwell,dpickwellqo@washingtonpost.com
962,Edie,O'Carney,eocarneyqp@php.net
963,Werner,Crinson,wcrinsonqq@over-blog.com
964,Elfie,Baukham,ebaukhamqr@examiner.com
965,Jessie,Lamberth,jlamberthqs@wordpress.org
966,Amity,Paterno,apaternoqt@army.mil
967,Robinett,Toderi,rtoderiqu@vk.com
968,Micky,Pauletto,mpaulettoqv@answers.com
969,Dougie,Hessay,dhessayqw@thetimes.co.uk
970,Perl,Dunkerly,pdunkerlyqx@cafepress.com
971,Jocelin,Craighead,jcraigheadqy@wikipedia.org
972,Bary,Gertray,bgertrayqz@i2i.jp
973,Nana,Shillan,nshillanr0@ox.ac.uk
974,Jude,Sweating,jsweatingr1@smh.com.au
975,Palmer,Blayney,pblayneyr2@hatena.ne.jp
976,Rycca,MacKessock,rmackessockr3@desdev.cn
977,Margarethe,Yuille,myuiller4@prnewswire.com
978,Caro,Scardifeild,cscardifeildr5@reddit.com
979,Andrew,Proudley,aproudleyr6@hibu.com
980,Moreen,Over,moverr7@prweb.com
981,Kincaid,Sivewright,ksivewrightr8@acquirethisname.com
982,Rhea,Gingold,rgingoldr9@google.fr
983,Lauralee,Ceschelli,lceschellira@i2i.jp
984,Lee,Hengoed,lhengoedrb@biglobe.ne.jp
985,Marjory,Schukraft,mschukraftrc@bravesites.com
986,Sophronia,Gleed,sgleedrd@webeden.co.uk
987,August,Carnelley,acarnelleyre@topsy.com
988,Mason,Kynoch,mkynochrf@slate.com
989,West,Grimm,wgrimmrg@simplemachines.org
990,Marlow,Blanckley,mblanckleyrh@abc.net.au
991,Mel,Lavallie,mlavallieri@squarespace.com
992,Abbye,Madders,amaddersrj@exblog.jp
993,Nye,Marrow,nmarrowrk@fastcompany.com
994,Bertrand,Kennaway,bkennawayrl@gravatar.com
995,Jewell,McGlew,jmcglewrm@cnn.com
996,Sioux,Luckie,sluckiern@aboutads.info
997,Gerri,Van den Velden,gvandenveldenro@yandex.ru
998,Sherye,Tout,stoutrp@smh.com.au
999,Ware,Bordiss,wbordissrq@ow.ly
1000,Ramona,Osborne,rosbornerr@liveinternet.ru
