id,first_name,last_name,email
1,Dale,Shalcras,dshalcras0@whitehouse.gov
2,Anne-marie,Cressor,acressor1@state.gov
3,Eldridge,Muckley,emuckley2@tripadvisor.com
4,Lucky,Lillgard,llillgard3@ifeng.com
5,Vincent,Eason,veason4@feedburner.com
6,Cointon,Grady,cgrady5@about.me
7,Abbe,Kydd,akydd6@instagram.com
8,Judd,Ulyat,julyat7@google.nl
9,Valina,Williamson,vwilliamson8@surveymonkey.com
10,Muriel,Wolseley,mwolseley9@behance.net
11,Ralph,Rubinfajn,rrubinfajna@dot.gov
12,Claudelle,Ragbourne,cragbourneb@microsoft.com
13,Melloney,Leverich,mleverichc@istockphoto.com
14,Cad,Perillo,cperillod@barnesandnoble.com
15,George,Jacquemard,gjacquemarde@cbslocal.com
16,Feliza,Derby,fderbyf@ehow.com
17,Lonnie,Lantiff,llantiffg@ycombinator.com
18,Maxim,Penhallurick,mpenhallurickh@wisc.edu
19,Wyndham,Stutter,wstutteri@github.io
20,Shaine,Harbinson,sharbinsonj@msu.edu
21,Melisa,Clemintoni,mclemintonik@whitehouse.gov
22,Seamus,Paulsen,spaulsenl@utexas.edu
23,Gustavo,Gowar,ggowarm@vinaora.com
24,Emelita,Peacham,epeachamn@ebay.com
25,Marijo,Kirsz,mkirszo@boston.com
26,Avril,Tyce,atycep@nifty.com
27,Renato,Luesley,rluesleyq@hp.com
28,Mahalia,Rowett,mrowettr@bizjournals.com
29,Edvard,McCord,emccords@delicious.com
30,Netti,Setter,nsettert@about.com
31,Anastasia,Broughton,abroughtonu@hibu.com
32,Leroy,Phillps,lphillpsv@bluehost.com
33,Sarine,Smooth,ssmoothw@wp.com
34,Durante,McPhelim,dmcphelimx@salon.com
35,Stevie,Gligorijevic,sgligorijevicy@desdev.cn
36,Peyton,Spare,psparez@drupal.org
37,Wyn,Mc Grath,wmcgrath10@pbs.org
38,Emelina,Skym,eskym11@google.ru
39,Viviana,Gindghill,vgindghill12@cafepress.com
40,Dian,Rehor,drehor13@army.mil
41,Ave,Bratten,abratten14@weather.com
42,Kaitlynn,Glennard,kglennard15@biblegateway.com
43,Shaylyn,Veronique,sveronique16@cdc.gov
44,Rivkah,Overland,roverland17@i2i.jp
45,Lilyan,Semrad,lsemrad18@sitemeter.com
46,Benoite,Levens,blevens19@seattletimes.com
47,Barrie,Beadle,bbeadle1a@friendfeed.com
48,Ulrich,Baythorp,ubaythorp1b@amazon.co.uk
49,Betteanne,Enga,benga1c@wikispaces.com
50,Raynell,Gateman,rgateman1d@google.co.jp
51,Cullan,Huffer,chuffer1e@cam.ac.uk
52,Caspar,MacCaughey,cmaccaughey1f@csmonitor.com
53,Waylon,Stroobant,wstroobant1g@patch.com
54,Bjorn,Duligall,bduligall1h@sohu.com
55,Carlyle,Gregson,cgregson1i@alibaba.com
56,Tine,Aburrow,taburrow1j@timesonline.co.uk
57,Yvonne,Bootes,ybootes1k@sciencedirect.com
58,Lorenzo,Lebbern,llebbern1l@wix.com
59,Sydel,Havock,shavock1m@bizjournals.com
60,Lissie,De Vries,ldevries1n@msn.com
61,Peirce,Spalls,pspalls1o@google.nl
62,Debi,Paudin,dpaudin1p@linkedin.com
63,Federica,McCullouch,fmccullouch1q@barnesandnoble.com
64,Olva,Fitzhenry,ofitzhenry1r@sun.com
65,Cheslie,Stuart,cstuart1s@odnoklassniki.ru
66,Sax,Bullent,sbullent1t@unesco.org
67,Denny,Halleybone,dhalleybone1u@ed.gov
68,Elly,Eady,eeady1v@si.edu
69,Doreen,Cheverell,dcheverell1w@com.com
70,Veradis,Britner,vbritner1x@symantec.com
71,Farlie,Fosberry,ffosberry1y@house.gov
72,Wendy,Lamzed,wlamzed1z@mayoclinic.com
73,Yulma,Fries,yfries20@t.co
74,Nertie,McAuley,nmcauley21@guardian.co.uk
75,Christian,Coneybeare,cconeybeare22@e-recht24.de
76,Sidney,Edmonson,sedmonson23@adobe.com
77,Friedrich,Daughton,fdaughton24@psu.edu
78,Sanderson,Mould,smould25@joomla.org
79,Flory,Somersett,fsomersett26@latimes.com
80,Xenos,Stoade,xstoade27@qq.com
81,Leda,Helian,lhelian28@usa.gov
82,Evy,McNeely,emcneely29@rediff.com
83,Marcello,Spracklin,mspracklin2a@si.edu
84,Quinlan,Wash,qwash2b@ning.com
85,Korrie,Gwatkin,kgwatkin2c@youtu.be
86,Rodrick,Readhead,rreadhead2d@house.gov
87,Alvera,Burmaster,aburmaster2e@hexun.com
88,Pace,Skatcher,pskatcher2f@topsy.com
89,Estrella,Androck,eandrock2g@yolasite.com
90,Katrina,Philbin,kphilbin2h@wp.com
91,Shaun,Shane,sshane2i@bloglines.com
92,Torrin,Flaune,tflaune2j@irs.gov
93,Trenna,Iacobini,tiacobini2k@i2i.jp
94,Kristan,Covelle,kcovelle2l@walmart.com
95,Nana,Spellard,nspellard2m@opera.com
96,Josi,Abram,jabram2n@marketwatch.com
97,Jamil,Fussie,jfussie2o@networksolutions.com
98,Randi,Valentelli,rvalentelli2p@mediafire.com
99,Simona,Beneix,sbeneix2q@china.com.cn
100,Ashia,Taile,ataile2r@issuu.com
101,Trista,Willimott,twillimott2s@tamu.edu
102,Ynes,Peealess,ypeealess2t@webnode.com
103,Krispin,Carrivick,kcarrivick2u@wp.com
104,Muhammad,Ewles,mewles2v@usda.gov
105,Diane-marie,Izatson,dizatson2w@icq.com
106,Laurie,Capponeer,lcapponeer2x@fema.gov
107,Phyllis,Hawkswood,phawkswood2y@pen.io
108,Mozelle,Muzzullo,mmuzzullo2z@cdbaby.com
109,Jessee,Korn,jkorn30@wired.com
110,Rockey,Jewiss,rjewiss31@alibaba.com
111,Maren,Jantzen,mjantzen32@dmoz.org
112,Louis,Burniston,lburniston33@tinyurl.com
113,Jourdain,Lott,jlott34@phpbb.com
114,Thorndike,Deare,tdeare35@imageshack.us
115,Linn,Clayal,lclayal36@nsw.gov.au
116,Davy,Millott,dmillott37@sciencedaily.com
117,Cecil,Asker,casker38@vimeo.com
118,Shirl,Wilne,swilne39@theglobeandmail.com
119,Rogerio,Dall,rdall3a@nyu.edu
120,Darcie,Scarff,dscarff3b@bbb.org
121,Waylen,Bursnell,wbursnell3c@mozilla.com
122,Cicely,Levett,clevett3d@nhs.uk
123,Alejandrina,MacPharlain,amacpharlain3e@jigsy.com
124,Robin,Scarth,rscarth3f@uol.com.br
125,Dot,Di Lucia,ddilucia3g@nymag.com
126,Barbara,Featley,bfeatley3h@jiathis.com
127,Jenica,Hatliffe,jhatliffe3i@tuttocitta.it
128,Eugenie,Fairpo,efairpo3j@discovery.com
129,Lurette,Iacovielli,liacovielli3k@artisteer.com
130,Gilles,Edgson,gedgson3l@omniture.com
131,Marmaduke,Dictus,mdictus3m@w3.org
132,Clo,Rapaport,crapaport3n@hp.com
133,Dunstan,Winterscale,dwinterscale3o@vk.com
134,Sterling,Pepys,spepys3p@house.gov
135,Lora,Carleton,lcarleton3q@virginia.edu
136,Bobbi,Burgill,bburgill3r@constantcontact.com
137,Ernesta,Arundell,earundell3s@salon.com
138,Lesli,Learmonth,llearmonth3t@discovery.com
139,Rozanna,Lepope,rlepope3u@macromedia.com
140,Remington,Bloor,rbloor3v@ca.gov
141,Brnaba,Feehely,bfeehely3w@issuu.com
142,Bernie,Yaldren,byaldren3x@chronoengine.com
143,Curt,Spraggs,cspraggs3y@goo.gl
144,Giana,Axworthy,gaxworthy3z@icio.us
145,Yanaton,De Michele,ydemichele40@microsoft.com
146,Shep,Muzzini,smuzzini41@marriott.com
147,Godfree,Joslyn,gjoslyn42@dagondesign.com
148,Ichabod,Allsopp,iallsopp43@free.fr
149,Valerye,Thiem,vthiem44@mozilla.org
150,Mireille,Masser,mmasser45@bigcartel.com
151,Aloysia,Olivi,aolivi46@omniture.com
152,Robinet,Saffin,rsaffin47@harvard.edu
153,Itch,Pre,ipre48@redcross.org
154,Heall,Pietsma,hpietsma49@wufoo.com
155,Junie,Chalcraft,jchalcraft4a@techcrunch.com
156,Roana,Ommanney,rommanney4b@sphinn.com
157,Tye,Hentzeler,thentzeler4c@about.me
158,Keane,Filintsev,kfilintsev4d@princeton.edu
159,Eolanda,Simak,esimak4e@springer.com
160,Sydney,Darkins,sdarkins4f@ucsd.edu
161,Bear,Simmings,bsimmings4g@vinaora.com
162,Upton,Clewes,uclewes4h@trellian.com
163,Elvera,Ghio,eghio4i@pinterest.com
164,Thaxter,Lamey,tlamey4j@google.com
165,Matty,Winsper,mwinsper4k@squidoo.com
166,Daryl,Forson,dforson4l@google.it
167,Leigh,Eyes,leyes4m@indiatimes.com
168,Annemarie,Solloway,asolloway4n@dropbox.com
169,Erasmus,Bostock,ebostock4o@dot.gov
170,Jo-ann,Teideman,jteideman4p@godaddy.com
171,Rubi,Stancer,rstancer4q@amazonaws.com
172,Kiri,Wollacott,kwollacott4r@wordpress.com
173,Trish,Harraway,tharraway4s@meetup.com
174,Cati,Larby,clarby4t@apache.org
175,Berkie,Maydwell,bmaydwell4u@booking.com
176,Sidonia,Geldert,sgeldert4v@xing.com
177,Langsdon,O'Hone,lohone4w@biblegateway.com
178,Vincent,Wyburn,vwyburn4x@scientificamerican.com
179,Griffie,Gueny,ggueny4y@sciencedirect.com
180,Nananne,Shekle,nshekle4z@list-manage.com
181,Brose,Grunder,bgrunder50@tinypic.com
182,Berti,Suero,bsuero51@oaic.gov.au
183,Alvera,Petera,apetera52@t-online.de
184,Oren,Frame,oframe53@pbs.org
185,Iosep,Paoli,ipaoli54@imageshack.us
186,Fabio,Autie,fautie55@mozilla.com
187,Berthe,Whanstall,bwhanstall56@g.co
188,Gerek,Kleinschmidt,gkleinschmidt57@histats.com
189,Nevin,Hampe,nhampe58@jugem.jp
190,Alika,Baress,abaress59@elegantthemes.com
191,Erda,Allsworth,eallsworth5a@google.it
192,Sherline,Svanini,ssvanini5b@bloglovin.com
193,Paten,Skarr,pskarr5c@sfgate.com
194,Horst,Eilhermann,heilhermann5d@tamu.edu
195,Georgeanne,Eve,geve5e@webs.com
196,Conn,Ruos,cruos5f@hexun.com
197,Marieann,Whewell,mwhewell5g@hatena.ne.jp
198,Reggie,Mattocks,rmattocks5h@redcross.org
199,Rori,Kitcatt,rkitcatt5i@forbes.com
200,Nanci,Barthelmes,nbarthelmes5j@nationalgeographic.com
201,Earlie,Millership,emillership5k@slideshare.net
202,Estelle,Undy,eundy5l@twitpic.com
203,Joana,Puckham,jpuckham5m@ft.com
204,Shadow,Lindstedt,slindstedt5n@upenn.edu
205,Yance,McFadden,ymcfadden5o@mysql.com
206,Vanni,Cuer,vcuer5p@seattletimes.com
207,Nester,Matzel,nmatzel5q@blogspot.com
208,Sheilakathryn,Lightbody,slightbody5r@abc.net.au
209,Constancia,Sinton,csinton5s@t-online.de
210,Evaleen,Crawford,ecrawford5t@scribd.com
211,Kathleen,Janeczek,kjaneczek5u@163.com
212,Alaine,Wesgate,awesgate5v@vk.com
213,Barbara,Fotheringham,bfotheringham5w@topsy.com
214,Carmita,Tafani,ctafani5x@pcworld.com
215,Sylas,Ahlin,sahlin5y@bbb.org
216,Nicolai,Adrianello,nadrianello5z@xrea.com
217,Fleur,Guyer,fguyer60@phoca.cz
218,Sebastiano,Gallienne,sgallienne61@answers.com
219,Noelyn,Buckley,nbuckley62@addthis.com
220,Vinni,Maggill'Andreis,vmaggillandreis63@friendfeed.com
221,Sly,Skeermor,sskeermor64@amazon.com
222,Guilbert,MacDuff,gmacduff65@nyu.edu
223,Heloise,Howgego,hhowgego66@vk.com
224,Ancell,Sustins,asustins67@topsy.com
225,Konstantin,Eudall,keudall68@usatoday.com
226,Lem,Wyman,lwyman69@google.fr
227,Ringo,Ausello,rausello6a@theguardian.com
228,Ulrike,Hancke,uhancke6b@wordpress.org
229,Duane,Wash,dwash6c@dailymotion.com
230,Packston,Noller,pnoller6d@virginia.edu
231,Bordy,Chaperling,bchaperling6e@clickbank.net
232,Elnore,Bulbeck,ebulbeck6f@reference.com
233,Hymie,Schoenrock,hschoenrock6g@last.fm
234,Osbourn,Olech,oolech6h@msn.com
235,Monah,Kuscha,mkuscha6i@merriam-webster.com
236,Burke,Hinchshaw,bhinchshaw6j@independent.co.uk
237,Zenia,Pree,zpree6k@china.com.cn
238,Chrissy,Cockland,ccockland6l@constantcontact.com
239,Andrey,Bredes,abredes6m@whitehouse.gov
240,Gisele,Latimer,glatimer6n@themeforest.net
241,Britta,Bricket,bbricket6o@pagesperso-orange.fr
242,Renado,Veljes,rveljes6p@usda.gov
243,Giles,Rathjen,grathjen6q@weather.com
244,Bunny,Petasch,bpetasch6r@wix.com
245,Hansiain,Bollom,hbollom6s@symantec.com
246,Charline,Pevie,cpevie6t@squarespace.com
247,Latrena,Heustice,lheustice6u@wix.com
248,Clay,Girdwood,cgirdwood6v@sun.com
249,Caria,Farrant,cfarrant6w@house.gov
250,Rebeca,McKerron,rmckerron6x@eepurl.com
251,Gussy,Gainor,ggainor6y@sciencedirect.com
252,Ingemar,Ditter,iditter6z@xrea.com
253,Georgette,Sharkey,gsharkey70@liveinternet.ru
254,Araldo,Life,alife71@a8.net
255,Agata,MacRannell,amacrannell72@baidu.com
256,Sonja,Reinhart,sreinhart73@pinterest.com
257,Idalina,Lavalle,ilavalle74@shinystat.com
258,Staffard,Sture,ssture75@rediff.com
259,Rickie,Haddleston,rhaddleston76@zdnet.com
260,Desirae,Dagon,ddagon77@businessweek.com
261,Selby,Kinsley,skinsley78@hao123.com
262,Caresse,Bedo,cbedo79@t-online.de
263,Karoly,Lonsbrough,klonsbrough7a@skype.com
264,Alyosha,Lenox,alenox7b@google.es
265,Cherey,Grewes,cgrewes7c@flickr.com
266,Rudyard,Kinig,rkinig7d@youtu.be
267,Lenora,Mabe,lmabe7e@amazon.com
268,Bernadina,Domengue,bdomengue7f@webnode.com
269,Jennica,Curnock,jcurnock7g@sourceforge.net
270,Bryn,Alenichev,balenichev7h@yandex.ru
271,Moreen,Griffith,mgriffith7i@oakley.com
272,Dougy,Twelftree,dtwelftree7j@people.com.cn
273,Byram,Rosenbusch,brosenbusch7k@gizmodo.com
274,West,Skentelbury,wskentelbury7l@behance.net
275,Joanie,Cholonin,jcholonin7m@stumbleupon.com
276,Joye,Jekel,jjekel7n@netvibes.com
277,Pedro,Le Breton De La Vieuville,plebretondelavieuville7o@angelfire.com
278,Mercy,Turbern,mturbern7p@cisco.com
279,Raynell,Beiderbeck,rbeiderbeck7q@mapquest.com
280,Hirsch,Gerry,hgerry7r@bigcartel.com
281,Paxton,Gleder,pgleder7s@bandcamp.com
282,Caroline,Pirrie,cpirrie7t@cnbc.com
283,Verina,Colebourn,vcolebourn7u@adobe.com
284,Fannie,Betton,fbetton7v@latimes.com
285,Marcel,Janu,mjanu7w@wikimedia.org
286,Georges,Poschel,gposchel7x@tiny.cc
287,Boote,Malyon,bmalyon7y@geocities.com
288,Hirsch,Winny,hwinny7z@blogger.com
289,Ethelyn,Swadon,eswadon80@imdb.com
290,Evvy,Lofts,elofts81@lycos.com
291,Faustina,Fasset,ffasset82@ftc.gov
292,Selene,Bruty,sbruty83@wsj.com
293,Merilee,Grutchfield,mgrutchfield84@wisc.edu
294,Nellie,Alvarez,nalvarez85@sitemeter.com
295,Connie,Moar,cmoar86@hugedomains.com
296,Oby,Skill,oskill87@bluehost.com
297,Maje,Coop,mcoop88@ycombinator.com
298,Joan,Moore,jmoore89@amazon.com
299,Prescott,Bitten,pbitten8a@netvibes.com
300,Grethel,Fulker,gfulker8b@economist.com
301,Erda,Wildbore,ewildbore8c@wired.com
302,Jewel,Maffini,jmaffini8d@barnesandnoble.com
303,Timofei,Hedling,thedling8e@amazon.de
304,Reinaldos,De Filippis,rdefilippis8f@deliciousdays.com
305,Darrin,Bradneck,dbradneck8g@alexa.com
306,Kathryn,Archley,karchley8h@ifeng.com
307,Lara,Basile,lbasile8i@cmu.edu
308,Stevena,Bosket,sbosket8j@sogou.com
309,Sinclare,Sutty,ssutty8k@nature.com
310,Nial,Ramsbottom,nramsbottom8l@newsvine.com
311,Stewart,Dewhirst,sdewhirst8m@vk.com
312,Lorrin,Downs,ldowns8n@hc360.com
313,Kerk,Hully,khully8o@blogger.com
314,Gwenni,Braunston,gbraunston8p@twitpic.com
315,Margarette,Widdowson,mwiddowson8q@indiatimes.com
316,Roana,GiacobbiniJacob,rgiacobbinijacob8r@youtu.be
317,Hollie,Romeril,hromeril8s@webeden.co.uk
318,Lauralee,Radband,lradband8t@networksolutions.com
319,Francis,Lahive,flahive8u@home.pl
320,Misti,Palley,mpalley8v@examiner.com
321,Moe,Niven,mniven8w@bloglines.com
322,Clarine,Badwick,cbadwick8x@google.com.au
323,Tami,Wipfler,twipfler8y@techcrunch.com
324,Julian,Dumphy,jdumphy8z@4shared.com
325,Katinka,Huckerbe,khuckerbe90@usa.gov
326,Truman,Freund,tfreund91@squidoo.com
327,Rodolphe,Pawlowicz,rpawlowicz92@npr.org
328,Anastasia,Reilinger,areilinger93@blinklist.com
329,Hadleigh,Domney,hdomney94@vistaprint.com
330,Berne,Asee,basee95@a8.net
331,Alford,Shelf,ashelf96@a8.net
332,Shani,Tyrwhitt,styrwhitt97@sohu.com
333,Mariann,Rowell,mrowell98@amazon.co.uk
334,Austina,Pharrow,apharrow99@icio.us
335,Cassie,Easbie,ceasbie9a@domainmarket.com
336,Laurene,Verling,lverling9b@booking.com
337,Roy,Combe,rcombe9c@ox.ac.uk
338,Lonna,Giovannelli,lgiovannelli9d@dot.gov
339,Tobye,Akaster,takaster9e@chronoengine.com
340,Ardelia,Emanulsson,aemanulsson9f@theglobeandmail.com
341,Hermina,Kike,hkike9g@meetup.com
342,Sarine,Hubbold,shubbold9h@networkadvertising.org
343,Theressa,Broadey,tbroadey9i@studiopress.com
344,Teena,Younglove,tyounglove9j@addthis.com
345,Alika,Rattenbury,arattenbury9k@ca.gov
346,Reeba,Mullineux,rmullineux9l@digg.com
347,Augie,Allsep,aallsep9m@rakuten.co.jp
348,Brigida,McGivena,bmcgivena9n@gov.uk
349,Clare,Dodd,cdodd9o@auda.org.au
350,Gilberta,Chidgey,gchidgey9p@fema.gov
351,Christi,Bushnell,cbushnell9q@xrea.com
352,Mufinella,Toft,mtoft9r@jigsy.com
353,Vida,Duff,vduff9s@bigcartel.com
354,Henryetta,Pillifant,hpillifant9t@army.mil
355,Terri,Straughan,tstraughan9u@arizona.edu
356,Grata,Mackneis,gmackneis9v@cocolog-nifty.com
357,Silvanus,Oulet,soulet9w@wix.com
358,Eleonore,Darbyshire,edarbyshire9x@cmu.edu
359,Chickie,Breche,cbreche9y@reuters.com
360,Armstrong,Bunton,abunton9z@japanpost.jp
361,Weber,Tayler,wtaylera0@cbc.ca
362,Kasper,O'Grada,kogradaa1@oakley.com
363,Brnaba,Baytrop,bbaytropa2@shareasale.com
364,Thaine,Malsher,tmalshera3@edublogs.org
365,Madelena,Lewin,mlewina4@linkedin.com
366,Karl,Girardetti,kgirardettia5@kickstarter.com
367,Ollie,Lorman,olormana6@ihg.com
368,Cathryn,Dockrill,cdockrilla7@devhub.com
369,Timotheus,Werlock,twerlocka8@nasa.gov
370,Nehemiah,Loisi,nloisia9@washington.edu
371,Anitra,Beetham,abeethamaa@dion.ne.jp
372,Yardley,Fowle,yfowleab@timesonline.co.uk
373,Caroljean,Eacott,ceacottac@facebook.com
374,Loise,Burdytt,lburdyttad@skyrock.com
375,Rudolfo,Kinset,rkinsetae@vk.com
376,Adorne,Brannigan,abranniganaf@patch.com
377,Bernadina,Dellenbrok,bdellenbrokag@quantcast.com
378,Yoko,Guilayn,yguilaynah@booking.com
379,Cher,Ondrus,condrusai@altervista.org
380,Jay,McElhinney,jmcelhinneyaj@yahoo.com
381,Estevan,Bygrave,ebygraveak@intel.com
382,Myrta,Laughton,mlaughtonal@mysql.com
383,Sherye,Gallehawk,sgallehawkam@mac.com
384,Vachel,Rosendahl,vrosendahlan@zimbio.com
385,Monica,Gourdon,mgourdonao@surveymonkey.com
386,Bevvy,Slessar,bslessarap@pinterest.com
387,Tobit,Lanney,tlanneyaq@disqus.com
388,Babbette,Hargerie,bhargeriear@army.mil
389,Luz,Doiley,ldoileyas@ihg.com
390,Dolf,Sermin,dserminat@prlog.org
391,Daniel,Densell,ddensellau@usnews.com
392,Clemente,Yakobovitz,cyakobovitzav@blogs.com
393,Vaughan,Jurgensen,vjurgensenaw@linkedin.com
394,Caldwell,Aleixo,caleixoax@dyndns.org
395,Hali,Rekes,hrekesay@toplist.cz
396,Lolly,Dunderdale,ldunderdaleaz@cargocollective.com
397,Giselle,Crow,gcrowb0@angelfire.com
398,Hilarius,Drance,hdranceb1@webeden.co.uk
399,Nerti,Gellately,ngellatelyb2@timesonline.co.uk
400,Claudianus,Orto,cortob3@nsw.gov.au
401,Dania,Seeler,dseelerb4@usatoday.com
402,Suzanne,Waterhous,swaterhousb5@si.edu
403,Torrence,Hackford,thackfordb6@free.fr
404,Jay,Sparey,jspareyb7@ow.ly
405,Rory,Soldner,rsoldnerb8@youtu.be
406,Lucia,Buckler,lbucklerb9@taobao.com
407,Sharron,Kidde,skiddeba@blinklist.com
408,Effie,Haswell,ehaswellbb@epa.gov
409,Webb,Skyner,wskynerbc@nyu.edu
410,Blair,Shrigley,bshrigleybd@harvard.edu
411,Micky,Lieber,mlieberbe@shop-pro.jp
412,Dominga,Filpi,dfilpibf@yelp.com
413,Krysta,Vogl,kvoglbg@howstuffworks.com
414,Ottilie,Hembery,ohemberybh@webeden.co.uk
415,Helena,Schwier,hschwierbi@sciencedaily.com
416,Angela,Bingell,abingellbj@umich.edu
417,Bernardina,Ayliffe,bayliffebk@icq.com
418,Merle,Feake,mfeakebl@tuttocitta.it
419,Aloysius,Matiebe,amatiebebm@engadget.com
420,Laurel,Gaskill,lgaskillbn@boston.com
421,Felicle,Buffham,fbuffhambo@mail.ru
422,Jordan,Burnel,jburnelbp@techcrunch.com
423,Jo-ann,Wyldes,jwyldesbq@google.com.au
424,Doloritas,Thomasson,dthomassonbr@tamu.edu
425,Madelina,Gooderridge,mgooderridgebs@thetimes.co.uk
426,Ingeberg,Briatt,ibriattbt@lycos.com
427,Onofredo,Botwright,obotwrightbu@about.me
428,King,Wolfenden,kwolfendenbv@typepad.com
429,Conrad,Carcas,ccarcasbw@opensource.org
430,Mattie,Olivie,moliviebx@redcross.org
431,Bentley,Youngs,byoungsby@opera.com
432,Earvin,Heavyside,eheavysidebz@state.tx.us
433,Evangeline,O'Caherny,eocahernyc0@list-manage.com
434,Cecilius,Domoney,cdomoneyc1@mtv.com
435,Eba,Caney,ecaneyc2@blogs.com
436,Kial,Heasly,kheaslyc3@symantec.com
437,Imojean,Bugbird,ibugbirdc4@bloomberg.com
438,Roanna,Mockford,rmockfordc5@ucla.edu
439,Nanette,Gemson,ngemsonc6@homestead.com
440,Morganne,Boyett,mboyettc7@ted.com
441,Consuelo,Ivanchenkov,civanchenkovc8@discovery.com
442,Letti,Noorwood,lnoorwoodc9@ibm.com
443,Cesare,Pawlata,cpawlataca@g.co
444,Amabelle,Trorey,atroreycb@nytimes.com
445,Cory,Slocom,cslocomcc@gizmodo.com
446,Angelica,Castanares,acastanarescd@biblegateway.com
447,Jillane,Jarry,jjarryce@answers.com
448,Jarvis,Baggot,jbaggotcf@cam.ac.uk
449,Hagan,Gorse,hgorsecg@so-net.ne.jp
450,Marie,Rowlinson,mrowlinsonch@tripadvisor.com
451,Doloritas,Snead,dsneadci@simplemachines.org
452,Renell,McCahill,rmccahillcj@dmoz.org
453,Paulita,Crottagh,pcrottaghck@google.com.hk
454,Ellwood,Josefsson,ejosefssoncl@topsy.com
455,Salvidor,Sudron,ssudroncm@jimdo.com
456,Karen,Buckel,kbuckelcn@ucsd.edu
457,Gasper,Moberley,gmoberleyco@omniture.com
458,Maris,Juris,mjuriscp@goodreads.com
459,Ken,Curling,kcurlingcq@bing.com
460,Cord,Langham,clanghamcr@deliciousdays.com
461,Bridie,Motion,bmotioncs@abc.net.au
462,Yancy,Butt Gow,ybuttgowct@fda.gov
463,Earle,Renowden,erenowdencu@java.com
464,Lynnett,Botly,lbotlycv@wikimedia.org
465,Tanya,Hammerton,thammertoncw@walmart.com
466,Garik,Noke,gnokecx@artisteer.com
467,Kaine,Mountford,kmountfordcy@ow.ly
468,Pierce,Hannigane,phanniganecz@bloglovin.com
469,Danica,Yukhin,dyukhind0@google.de
470,Aubrey,Stonhard,astonhardd1@washingtonpost.com
471,Hobart,Voice,hvoiced2@geocities.jp
472,Gert,Colliar,gcolliard3@youku.com
473,Leeanne,McGloughlin,lmcgloughlind4@mac.com
474,Tracy,Kelinge,tkelinged5@whitehouse.gov
475,Anatollo,Gilsthorpe,agilsthorped6@prnewswire.com
476,Nata,Hampshaw,nhampshawd7@51.la
477,Becki,Hatherall,bhatheralld8@symantec.com
478,Gerty,Hollier,ghollierd9@macromedia.com
479,Arty,Caustic,acausticda@usa.gov
480,Cullen,Trevorrow,ctrevorrowdb@google.co.jp
481,Luce,Dring,ldringdc@imageshack.us
482,Will,Esslement,wesslementdd@narod.ru
483,Kayne,Stucke,kstuckede@oaic.gov.au
484,Garek,Chasmor,gchasmordf@ameblo.jp
485,Gabriellia,Thomason,gthomasondg@geocities.jp
486,Mora,Aspel,maspeldh@github.io
487,Seumas,Ghirigori,sghirigoridi@dmoz.org
488,Consuelo,Bolus,cbolusdj@zimbio.com
489,Rania,Room,rroomdk@mozilla.org
490,Griffie,Hebbes,ghebbesdl@barnesandnoble.com
491,Gregor,Waldera,gwalderadm@businessweek.com
492,Ingra,Elcott,ielcottdn@jiathis.com
493,Aura,Axtens,aaxtensdo@netlog.com
494,Neron,Enric,nenricdp@prweb.com
495,Kerrie,Hanaford,khanaforddq@jugem.jp
496,Karrie,Pichmann,kpichmanndr@discovery.com
497,Shayna,Derington,sderingtonds@lulu.com
498,Maressa,Parke,mparkedt@exblog.jp
499,Felipa,Mallabone,fmallabonedu@nytimes.com
500,Mia,Jacquot,mjacquotdv@google.ca
501,Erek,Keaysell,ekeayselldw@pen.io
502,Hermann,Archibold,harchibolddx@guardian.co.uk
503,Earle,Kirkman,ekirkmandy@e-recht24.de
504,Hedwiga,Beggini,hbegginidz@prlog.org
505,Lev,Newgrosh,lnewgroshe0@istockphoto.com
506,Whitman,Gaythor,wgaythore1@nba.com
507,Genia,Pelos,gpelose2@parallels.com
508,Stillman,Michelotti,smichelottie3@google.fr
509,Electra,Parks,eparkse4@wiley.com
510,Xylina,Plenderleith,xplenderleithe5@yahoo.co.jp
511,Elsi,McLagan,emclagane6@indiegogo.com
512,Stafani,Tarborn,starborne7@paypal.com
513,Arabela,Tapply,atapplye8@si.edu
514,Pammi,Wildman,pwildmane9@google.com.br
515,Elva,Cothey,ecotheyea@buzzfeed.com
516,Joey,Rule,jruleeb@1688.com
517,Wilek,Sture,wstureec@webnode.com
518,Kirsteni,Godly,kgodlyed@salon.com
519,Alicea,Kristof,akristofee@earthlink.net
520,Jilly,Hubery,jhuberyef@wikispaces.com
521,Karita,Wackley,kwackleyeg@xing.com
522,Gregoire,Huyton,ghuytoneh@addthis.com
523,Lovell,Smewing,lsmewingei@japanpost.jp
524,Nealon,Macias,nmaciasej@timesonline.co.uk
525,Arnie,De Malchar,ademalcharek@uiuc.edu
526,Lenard,Quilkin,lquilkinel@skyrock.com
527,Ashton,Cestard,acestardem@ftc.gov
528,Timothee,Barabisch,tbarabischen@acquirethisname.com
529,Patrizius,Robertet,proberteteo@goo.gl
530,Shirlene,Hiseman,shisemanep@alexa.com
531,Ursa,Stoving,ustovingeq@w3.org
532,Ario,Docket,adocketer@fema.gov
533,Malena,Graeser,mgraeseres@ox.ac.uk
534,Lexine,Chislett,lchislettet@wikispaces.com
535,Jasmin,Kimbly,jkimblyeu@who.int
536,Gigi,Francisco,gfranciscoev@ocn.ne.jp
537,Blinni,Rose,broseew@mysql.com
538,Johan,Nowick,jnowickex@mtv.com
539,Patrizia,Silverson,psilversoney@senate.gov
540,Decca,Extil,dextilez@mashable.com
541,Giles,Gregoli,ggregolif0@stumbleupon.com
542,Theresita,Grunbaum,tgrunbaumf1@google.com
543,Sharia,Choupin,schoupinf2@miibeian.gov.cn
544,Cacilia,Dovidian,cdovidianf3@wikipedia.org
545,Henrie,Eustes,heustesf4@jiathis.com
546,Allyson,Gergely,agergelyf5@utexas.edu
547,Jessie,MacAllester,jmacallesterf6@time.com
548,Joete,Blackall,jblackallf7@wikispaces.com
549,Emelda,Bawdon,ebawdonf8@yahoo.co.jp
550,Pier,Genery,pgeneryf9@biblegateway.com
551,Meryl,Morot,mmorotfa@pen.io
552,Rozanne,Bleaden,rbleadenfb@hibu.com
553,Myles,Davidescu,mdavidescufc@issuu.com
554,Garrot,Elletson,gelletsonfd@craigslist.org
555,Gerri,MacMychem,gmacmychemfe@ibm.com
556,Nealon,Swadon,nswadonff@tumblr.com
557,Dirk,O'Mohun,domohunfg@ifeng.com
558,Pryce,Biasotti,pbiasottifh@cmu.edu
559,Mabelle,Bemment,mbemmentfi@dedecms.com
560,Lambert,Limerick,llimerickfj@soup.io
561,Shane,Hambatch,shambatchfk@berkeley.edu
562,Suellen,Wyman,swymanfl@multiply.com
563,Aldo,Guyet,aguyetfm@hhs.gov
564,Olag,Nobriga,onobrigafn@china.com.cn
565,Cindelyn,Sheridan,csheridanfo@scribd.com
566,Aguste,Waind,awaindfp@icq.com
567,Ruthie,Jailler,rjaillerfq@samsung.com
568,Irene,Ridding,iriddingfr@gnu.org
569,Georgy,Scherme,gschermefs@vkontakte.ru
570,Matti,Lines,mlinesft@bluehost.com
571,Aloise,Novelli,anovellifu@e-recht24.de
572,Hughie,Cattell,hcattellfv@instagram.com
573,Anthe,Fawdery,afawderyfw@icq.com
574,Jacquetta,Trundle,jtrundlefx@youku.com
575,Udale,Kanter,ukanterfy@google.com.au
576,Liesa,Gaylord,lgaylordfz@skype.com
577,Tim,Driffield,tdriffieldg0@jugem.jp
578,Georgeanna,Cluse,gcluseg1@digg.com
579,Evvie,Halfhead,ehalfheadg2@wordpress.com
580,Idell,Northam,inorthamg3@istockphoto.com
581,Liva,Pervew,lpervewg4@chronoengine.com
582,Christophe,Kluss,cklussg5@google.nl
583,Alanna,Sibbald,asibbaldg6@cam.ac.uk
584,Julio,Blaisdale,jblaisdaleg7@netvibes.com
585,Abbott,Corbishley,acorbishleyg8@com.com
586,Jeri,Huckster,jhucksterg9@chron.com
587,Genni,Blackaller,gblackallerga@businessinsider.com
588,Brad,Stollenhof,bstollenhofgb@seattletimes.com
589,Nickolai,Yegorkin,nyegorkingc@godaddy.com
590,Ari,Howitt,ahowittgd@cdc.gov
591,Humfrey,Meineking,hmeinekingge@amazon.com
592,Garwin,Anthoney,ganthoneygf@cloudflare.com
593,Kearney,Metherell,kmetherellgg@github.com
594,Opal,Bulford,obulfordgh@a8.net
595,Emma,Shedd,esheddgi@edublogs.org
596,Sanderson,Longmead,slongmeadgj@seattletimes.com
597,Buckie,Gowanlock,bgowanlockgk@last.fm
598,Loree,Ambrozewicz,lambrozewiczgl@shutterfly.com
599,Aurelea,Banks,abanksgm@spiegel.de
600,Dorotea,Hugnot,dhugnotgn@nyu.edu
601,Veronika,Ickovic,vickovicgo@shutterfly.com
602,Kris,McAleese,kmcaleesegp@unc.edu
603,Teresita,Heustace,theustacegq@imdb.com
604,Nicolle,Waszczyk,nwaszczykgr@yolasite.com
605,Opalina,Gluyas,ogluyasgs@msu.edu
606,Pascale,Gorton,pgortongt@mail.ru
607,Devan,Trynor,dtrynorgu@flavors.me
608,Sarine,Vasyaev,svasyaevgv@phpbb.com
609,Freda,Sawbridge,fsawbridgegw@theglobeandmail.com
610,Pincas,Landy,plandygx@google.es
611,Rand,Handford,rhandfordgy@sogou.com
612,Peggi,Lethardy,plethardygz@ehow.com
613,Dix,Hirsthouse,dhirsthouseh0@blinklist.com
614,Eliza,Clinning,eclinningh1@foxnews.com
615,Archibald,Attrie,aattrieh2@stanford.edu
616,Davide,Goodbur,dgoodburh3@vimeo.com
617,Walt,Farlam,wfarlamh4@blogspot.com
618,Meggy,Taill,mtaillh5@illinois.edu
619,Libby,Dransfield,ldransfieldh6@engadget.com
620,Tybalt,Lucock,tlucockh7@live.com
621,Haily,Loyndon,hloyndonh8@businessweek.com
622,Dorie,Greystoke,dgreystokeh9@home.pl
623,Vin,Aylin,vaylinha@berkeley.edu
624,Cassius,Scole,cscolehb@webs.com
625,Lonee,Szabo,lszabohc@patch.com
626,Jefferey,Reinhard,jreinhardhd@hexun.com
627,Selene,Isles,sisleshe@wordpress.com
628,Parrnell,Gartside,pgartsidehf@xinhuanet.com
629,Gerrard,Orbine,gorbinehg@oaic.gov.au
630,Tudor,Vivien,tvivienhh@homestead.com
631,Winnie,Hurler,whurlerhi@nydailynews.com
632,Cecilia,Bourgeois,cbourgeoishj@phoca.cz
633,Anneliese,Roseborough,aroseboroughhk@google.com
634,Titus,McBrier,tmcbrierhl@youtu.be
635,Kelcie,Falla,kfallahm@nbcnews.com
636,Aurthur,Senton,asentonhn@github.io
637,Addison,Exer,aexerho@patch.com
638,Ingrim,Thwaite,ithwaitehp@google.com.hk
639,Mora,Jerome,mjeromehq@qq.com
640,Betta,Mankor,bmankorhr@delicious.com
641,Rufus,Walch,rwalchhs@netscape.com
642,Gabrila,Wisedale,gwisedaleht@oakley.com
643,Derrik,Britton,dbrittonhu@vimeo.com
644,Dedra,Endersby,dendersbyhv@buzzfeed.com
645,Nealy,Crenage,ncrenagehw@nsw.gov.au
646,Mahmoud,Valintine,mvalintinehx@amazon.de
647,Saudra,Provis,sprovishy@1688.com
648,Nerte,Eliez,neliezhz@slate.com
649,Pren,Baines,pbainesi0@themeforest.net
650,Abelard,Bradock,abradocki1@diigo.com
651,Wilie,Manus,wmanusi2@devhub.com
652,Ethelred,Chessun,echessuni3@google.ru
653,Ceciley,Willatts,cwillattsi4@ca.gov
654,Jordan,Mallall,jmallalli5@chicagotribune.com
655,Atlante,Bromage,abromagei6@phoca.cz
656,Auguste,Goymer,agoymeri7@ask.com
657,Wilton,Stollenwerck,wstollenwercki8@msu.edu
658,Zack,Grishunin,zgrishunini9@hugedomains.com
659,Davie,Bagehot,dbagehotia@fotki.com
660,Gearalt,Robiou,grobiouib@oracle.com
661,Danny,Attride,dattrideic@google.ru
662,Nixie,Detoc,ndetocid@sciencedaily.com
663,Orelie,Warcup,owarcupie@gizmodo.com
664,Kev,Wickrath,kwickrathif@princeton.edu
665,Cacilia,Fuentes,cfuentesig@simplemachines.org
666,Kristy,Podmore,kpodmoreih@ameblo.jp
667,Eilis,Krale,ekraleii@reverbnation.com
668,Wilmer,Murr,wmurrij@whitehouse.gov
669,Karney,Hew,khewik@amazon.co.uk
670,Emlynn,Hogben,ehogbenil@newsvine.com
671,Gery,Lindup,glindupim@cdc.gov
672,Ailbert,de Aguirre,adeaguirrein@oakley.com
673,Laurel,Dillinton,ldillintonio@chronoengine.com
674,Sharleen,Wheble,swhebleip@studiopress.com
675,Hillel,Petersen,hpeterseniq@wired.com
676,Joshuah,Worden,jwordenir@netscape.com
677,Xena,Trythall,xtrythallis@clickbank.net
678,Wilek,Boggs,wboggsit@so-net.ne.jp
679,Emanuel,Crummay,ecrummayiu@baidu.com
680,Kiri,Pendrid,kpendridiv@histats.com
681,Jephthah,Cridge,jcridgeiw@sogou.com
682,Manuel,Marciskewski,mmarciskewskiix@wordpress.org
683,Julieta,Conigsby,jconigsbyiy@seattletimes.com
684,Stephana,Goodday,sgooddayiz@kickstarter.com
685,Fannie,O' Dooley,fodooleyj0@si.edu
686,Otes,Jillins,ojillinsj1@t.co
687,Annmarie,Lune,alunej2@fda.gov
688,Cahra,Baroche,cbarochej3@princeton.edu
689,Anne-corinne,Werrit,awerritj4@businesswire.com
690,Germayne,Cass,gcassj5@etsy.com
691,Nils,Limbourne,nlimbournej6@jigsy.com
692,Carolee,Halwell,chalwellj7@miibeian.gov.cn
693,Redford,Issit,rissitj8@wisc.edu
694,Meridel,De Vile,mdevilej9@flickr.com
695,Jobey,Dodridge,jdodridgeja@xrea.com
696,Marco,Allot,mallotjb@smh.com.au
697,Lawrence,Barnsdall,lbarnsdalljc@taobao.com
698,Krystle,Frondt,kfrondtjd@1und1.de
699,Jorge,Charlick,jcharlickje@adobe.com
700,Stormie,Busse,sbussejf@spiegel.de
701,Katuscha,Nunns,knunnsjg@barnesandnoble.com
702,Heddi,Clampton,hclamptonjh@earthlink.net
703,Barbette,Castleton,bcastletonji@artisteer.com
704,Isador,Oglesbee,ioglesbeejj@wikispaces.com
705,Erich,Gockeler,egockelerjk@mashable.com
706,Gennie,Roath,groathjl@imgur.com
707,Elisa,Readwing,ereadwingjm@gravatar.com
708,Alma,Coddington,acoddingtonjn@virginia.edu
709,Janos,Sikora,jsikorajo@china.com.cn
710,Dale,Gaskal,dgaskaljp@squidoo.com
711,Lianna,Kenna,lkennajq@jalbum.net
712,Emmy,Arnaldo,earnaldojr@last.fm
713,Kennith,Wogdon,kwogdonjs@independent.co.uk
714,Geoff,McCorkindale,gmccorkindalejt@studiopress.com
715,Belita,Paffitt,bpaffittju@amazon.co.uk
716,Adelaide,Bestman,abestmanjv@nhs.uk
717,Chico,Landes,clandesjw@mtv.com
718,Denny,Halfhide,dhalfhidejx@weebly.com
719,Johanna,Kenner,jkennerjy@mozilla.org
720,Dela,Haynes,dhaynesjz@howstuffworks.com
721,Brandie,Halpine,bhalpinek0@sina.com.cn
722,Dorey,Janczewski,djanczewskik1@amazon.com
723,Inessa,Mingo,imingok2@e-recht24.de
724,Salome,Petrolli,spetrollik3@xrea.com
725,Joleen,Hayne,jhaynek4@artisteer.com
726,Rikki,Hamby,rhambyk5@bandcamp.com
727,Caitlin,Greenleaf,cgreenleafk6@alibaba.com
728,Evered,Muncaster,emuncasterk7@weebly.com
729,Scarface,Klee,skleek8@mapy.cz
730,Sabra,Allmen,sallmenk9@nbcnews.com
731,Westbrook,Stilldale,wstilldaleka@webs.com
732,Sibeal,Garbutt,sgarbuttkb@reverbnation.com
733,Teddie,Charlson,tcharlsonkc@stumbleupon.com
734,Aurora,Jaskiewicz,ajaskiewiczkd@over-blog.com
735,Tonnie,Rickaby,trickabyke@yandex.ru
736,Mordy,Godrich,mgodrichkf@vistaprint.com
737,Elicia,Bartosiak,ebartosiakkg@51.la
738,Anni,Waitland,awaitlandkh@google.com
739,Marshall,Binns,mbinnski@php.net
740,Raymond,Kaindl,rkaindlkj@google.fr
741,Albie,Maddocks,amaddockskk@eepurl.com
742,Eloisa,McMonies,emcmonieskl@va.gov
743,Randie,Mulrean,rmulreankm@printfriendly.com
744,Giraud,Georgeon,ggeorgeonkn@buzzfeed.com
745,Dee,Aikett,daikettko@drupal.org
746,Maudie,Grey,mgreykp@cbsnews.com
747,Teddie,Crawcour,tcrawcourkq@ed.gov
748,Bobine,Archibold,barchiboldkr@engadget.com
749,Carmella,McPhate,cmcphateks@amazon.co.uk
750,Carmina,Gomer,cgomerkt@dropbox.com
751,Ashlen,Schwander,aschwanderku@feedburner.com
752,Gregory,Morten,gmortenkv@harvard.edu
753,Germana,Holleran,ghollerankw@msn.com
754,Gerrie,Heffernan,gheffernankx@blogs.com
755,Sarena,Azema,sazemaky@bigcartel.com
756,Wainwright,Codeman,wcodemankz@rambler.ru
757,Garold,Legges,gleggesl0@nature.com
758,Shannon,Pringour,springourl1@etsy.com
759,Elvera,Romain,eromainl2@amazon.com
760,Romeo,Trubshawe,rtrubshawel3@fda.gov
761,Genni,Levington,glevingtonl4@indiegogo.com
762,Madeline,Thursfield,mthursfieldl5@i2i.jp
763,Joey,Gergler,jgerglerl6@prlog.org
764,Nicol,Dudman,ndudmanl7@abc.net.au
765,Bruis,Clampe,bclampel8@taobao.com
766,Arabelle,Leahair,aleahairl9@ustream.tv
767,Aubree,Tonnesen,atonnesenla@slashdot.org
768,Morty,Caney,mcaneylb@blogtalkradio.com
769,Suzanna,Dunsmore,sdunsmorelc@yahoo.com
770,Xavier,Saiger,xsaigerld@slideshare.net
771,Maureene,Neighbour,mneighbourle@cdbaby.com
772,Pet,McCathay,pmccathaylf@wisc.edu
773,Reba,Goodayle,rgoodaylelg@w3.org
774,Burnard,Hanney,bhanneylh@mlb.com
775,Maury,Woodlands,mwoodlandsli@xing.com
776,Clary,Ogilby,cogilbylj@elpais.com
777,Farlay,Kiwitz,fkiwitzlk@soundcloud.com
778,Ursala,Dun,udunll@si.edu
779,Reinhard,Putson,rputsonlm@pen.io
780,Sula,Dikes,sdikesln@ftc.gov
781,Jeth,Heppenspall,jheppenspalllo@springer.com
782,Ruprecht,Sabberton,rsabbertonlp@ed.gov
783,Rodrick,Milmo,rmilmolq@theguardian.com
784,Solomon,Ewington,sewingtonlr@domainmarket.com
785,Arabela,Gilchrest,agilchrestls@ifeng.com
786,Lorne,Grundey,lgrundeylt@instagram.com
787,Obie,Ilett,oilettlu@yelp.com
788,Shea,Brosini,sbrosinilv@baidu.com
789,Lydie,Izzatt,lizzattlw@slashdot.org
790,Granville,Jessen,gjessenlx@purevolume.com
791,Aurlie,Gidney,agidneyly@51.la
792,Perren,Astlatt,pastlattlz@craigslist.org
793,Leodora,Ashtonhurst,lashtonhurstm0@techcrunch.com
794,Curtice,Scutter,cscutterm1@unicef.org
795,Jobey,Hackly,jhacklym2@mlb.com
796,Kile,Gwioneth,kgwionethm3@foxnews.com
797,Elwood,Limer,elimerm4@alexa.com
798,Mirelle,Truce,mtrucem5@tmall.com
799,Hermon,Demsey,hdemseym6@taobao.com
800,Franky,Whitman,fwhitmanm7@goo.gl
801,Tootsie,Worgan,tworganm8@ebay.com
802,Rudie,Nertney,rnertneym9@hugedomains.com
803,Johny,Barents,jbarentsma@example.com
804,Durant,Canner,dcannermb@mit.edu
805,Deanne,Mortlock,dmortlockmc@theglobeandmail.com
806,Godwin,Sellens,gsellensmd@unesco.org
807,Janina,Myott,jmyottme@jugem.jp
808,Kerianne,Keijser,kkeijsermf@patch.com
809,Ky,Fillingham,kfillinghammg@hao123.com
810,Scott,Rasmus,srasmusmh@mail.ru
811,Elli,Brandacci,ebrandaccimi@uol.com.br
812,Aileen,Chipping,achippingmj@sciencedaily.com
813,Phaedra,Deeley,pdeeleymk@naver.com
814,Anne-marie,Trank,atrankml@nyu.edu
815,Lizette,Noton,lnotonmm@ox.ac.uk
816,Eloisa,De Coursey,edecourseymn@storify.com
817,Dolli,Orton,dortonmo@1und1.de
818,Kahlil,Swindle,kswindlemp@washington.edu
819,Griffin,Hazeldean,ghazeldeanmq@epa.gov
820,Corie,McNeil,cmcneilmr@posterous.com
821,Beverlie,Rider,briderms@utexas.edu
822,Sondra,Pfiffer,spfiffermt@cdbaby.com
823,Laurella,Bohling,lbohlingmu@joomla.org
824,Hashim,Firidolfi,hfiridolfimv@weebly.com
825,Pammie,Derdes,pderdesmw@yelp.com
826,Beverly,Thickins,bthickinsmx@businessinsider.com
827,Joachim,Buttler,jbuttlermy@ebay.com
828,Wilhelm,Petticrow,wpetticrowmz@1688.com
829,Robinett,Blackboro,rblackboron0@nhs.uk
830,Jojo,Sedgman,jsedgmann1@blogs.com
831,Matty,Woof,mwoofn2@usa.gov
832,Penni,Van Vuuren,pvanvuurenn3@mozilla.com
833,Katlin,Heugle,kheuglen4@com.com
834,Lay,Drakers,ldrakersn5@123-reg.co.uk
835,Donal,Alderson,daldersonn6@blog.com
836,Winifred,Francesconi,wfrancesconin7@merriam-webster.com
837,Briny,Moatt,bmoattn8@reference.com
838,Eal,Swidenbank,eswidenbankn9@mapy.cz
839,Cristian,Gate,cgatena@flavors.me
840,Myrtle,Domoney,mdomoneynb@4shared.com
841,Flss,Walas,fwalasnc@amazon.co.jp
842,Sherm,Brouard,sbrouardnd@fema.gov
843,Demetre,Posner,dposnerne@un.org
844,Clea,Dries,cdriesnf@ucoz.ru
845,Aldis,Longfield,alongfieldng@wordpress.com
846,Otto,McQuode,omcquodenh@zimbio.com
847,Martha,Hellicar,mhellicarni@addtoany.com
848,Maryellen,Yukhnevich,myukhnevichnj@amazon.co.jp
849,Nona,Cookney,ncookneynk@dailymotion.com
850,Kalinda,Bootman,kbootmannl@ucoz.ru
851,Ozzie,Normanell,onormanellnm@tmall.com
852,Cassie,McAlindon,cmcalindonnn@indiegogo.com
853,Reeta,Cornau,rcornauno@bluehost.com
854,Jonie,Rasell,jrasellnp@pagesperso-orange.fr
855,Kahaleel,Aleksankin,kaleksankinnq@blogspot.com
856,Muire,Margrem,mmargremnr@delicious.com
857,Regan,Askey,raskeyns@bravesites.com
858,Joanna,Markova,jmarkovant@qq.com
859,Lolita,Gosson,lgossonnu@g.co
860,Aldon,Pennock,apennocknv@slideshare.net
861,Kerrill,Roden,krodennw@oaic.gov.au
862,Tisha,Woodage,twoodagenx@gnu.org
863,Nomi,Patters,npattersny@taobao.com
864,Sophia,Priddis,spriddisnz@diigo.com
865,Dynah,Jeandet,djeandeto0@china.com.cn
866,Antin,Sultana,asultanao1@samsung.com
867,Danny,Jeromson,djeromsono2@mediafire.com
868,Kaylil,Rochelle,krochelleo3@ca.gov
869,Fredric,Poulett,fpouletto4@epa.gov
870,Rania,Hawkswood,rhawkswoodo5@icio.us
871,Wendie,Kinane,wkinaneo6@chicagotribune.com
872,Maurene,Elsy,melsyo7@fema.gov
873,Trip,Parke,tparkeo8@nature.com
874,Hy,Ebi,hebio9@cdbaby.com
875,Clevey,Kirvell,ckirvelloa@va.gov
876,Dilan,Secret,dsecretob@squidoo.com
877,Blaire,Gilman,bgilmanoc@amazon.de
878,Lauri,Stranks,lstranksod@scientificamerican.com
879,Ev,Stubbert,estubbertoe@time.com
880,Belle,Marousek,bmarousekof@51.la
881,Reiko,Millimoe,rmillimoeog@rediff.com
882,Bartram,Gayle,bgayleoh@harvard.edu
883,Humphrey,Barck,hbarckoi@webnode.com
884,Anthiathia,Willox,awilloxoj@army.mil
885,Rebecka,Shovel,rshovelok@google.com.au
886,Gussie,Auten,gautenol@mlb.com
887,Zahara,Yurygyn,zyurygynom@examiner.com
888,Pavlov,Lagadu,plagaduon@usnews.com
889,Charisse,Kneaphsey,ckneaphseyoo@cpanel.net
890,Rufe,Fazakerley,rfazakerleyop@cpanel.net
891,Myrta,Denison,mdenisonoq@census.gov
892,Verina,Drowsfield,vdrowsfieldor@amazon.co.uk
893,Francklin,Heddy,fheddyos@comsenz.com
894,Domini,Littledike,dlittledikeot@amazon.com
895,Konstantin,Tomanek,ktomanekou@fc2.com
896,Doy,Giacomi,dgiacomiov@nps.gov
897,Marleah,Siveyer,msiveyerow@sciencedirect.com
898,Chad,Beadham,cbeadhamox@studiopress.com
899,Elana,Sothcott,esothcottoy@sbwire.com
900,Aloin,Torresi,atorresioz@diigo.com
901,Bay,Klimschak,bklimschakp0@globo.com
902,Josselyn,Kynder,jkynderp1@mashable.com
903,Elset,Rothchild,erothchildp2@meetup.com
904,Say,Curnucke,scurnuckep3@wordpress.org
905,Cecile,Marciskewski,cmarciskewskip4@histats.com
906,Thacher,Greenan,tgreenanp5@deliciousdays.com
907,Sergio,Van Baaren,svanbaarenp6@harvard.edu
908,Conni,Aspinal,caspinalp7@tinypic.com
909,Urbain,Down,udownp8@psu.edu
910,Beaufort,Gaylor,bgaylorp9@photobucket.com
911,Hobard,Harhoff,hharhoffpa@ucoz.com
912,Carole,Elvy,celvypb@about.com
913,Helen,Lehemann,hlehemannpc@ycombinator.com
914,Gregoor,Sloam,gsloampd@51.la
915,Kalil,Manhood,kmanhoodpe@ucoz.com
916,Glyn,Wolstenholme,gwolstenholmepf@sourceforge.net
917,Dode,O'Loughane,doloughanepg@godaddy.com
918,Bobbie,Buzine,bbuzineph@google.cn
919,Filia,Nanelli,fnanellipi@washingtonpost.com
920,Rodolphe,Handrick,rhandrickpj@odnoklassniki.ru
921,Maurine,Notman,mnotmanpk@forbes.com
922,Von,Klaffs,vklaffspl@behance.net
923,Catha,Nend,cnendpm@gmpg.org
924,Llewellyn,Rushmer,lrushmerpn@feedburner.com
925,Frederic,Coxhell,fcoxhellpo@free.fr
926,Kean,MacMoyer,kmacmoyerpp@virginia.edu
927,Alisa,Tommasuzzi,atommasuzzipq@tinypic.com
928,Eddie,Baynard,ebaynardpr@nytimes.com
929,Leia,Sutor,lsutorps@cafepress.com
930,Kara-lynn,Beesley,kbeesleypt@4shared.com
931,Anatola,Fawley,afawleypu@51.la
932,Aldon,Banstead,abansteadpv@yahoo.co.jp
933,Ulrich,McVitty,umcvittypw@yahoo.co.jp
934,Auguste,Fache,afachepx@diigo.com
935,Dodi,Overbury,doverburypy@sun.com
936,Brittne,Somerscales,bsomerscalespz@nationalgeographic.com
937,Ezechiel,Menicomb,emenicombq0@php.net
938,Horacio,Sone,hsoneq1@studiopress.com
939,Suzette,Zappel,szappelq2@loc.gov
940,Nollie,Manuel,nmanuelq3@unesco.org
941,Malorie,Pedden,mpeddenq4@symantec.com
942,Zebulen,Flewin,zflewinq5@nbcnews.com
943,Sylvester,Crepel,screpelq6@icq.com
944,Gayleen,Silverton,gsilvertonq7@wix.com
945,Vickie,Wannell,vwannellq8@ameblo.jp
946,Harriot,Ousley,housleyq9@unicef.org
947,Dorotea,Smeeton,dsmeetonqa@themeforest.net
948,Harp,Kob,hkobqb@histats.com
949,Erie,Coie,ecoieqc@blogtalkradio.com
950,Husein,Campa,hcampaqd@mashable.com
951,Lillis,Townsley,ltownsleyqe@berkeley.edu
952,Eleen,Melsome,emelsomeqf@shinystat.com
953,Erik,Brombell,ebrombellqg@virginia.edu
954,Haroun,Farrants,hfarrantsqh@google.fr
955,Pincas,Pellant,ppellantqi@google.pl
956,Vikki,Piddlesden,vpiddlesdenqj@is.gd
957,Kaspar,Dutnell,kdutnellqk@google.es
958,Dagmar,Roddie,droddieql@bizjournals.com
959,Celka,Stubley,cstubleyqm@wiley.com
960,Kassey,Kummerlowe,kkummerloweqn@illinois.edu
961,Cathi,Fairhurst,cfairhurstqo@who.int
962,Randolf,Ausher,rausherqp@columbia.edu
963,Redd,Conduit,rconduitqq@usda.gov
964,Diarmid,Boat,dboatqr@themeforest.net
965,Kilian,Paulin,kpaulinqs@free.fr
966,Octavius,Carmo,ocarmoqt@lulu.com
967,Heather,De Witt,hdewittqu@nsw.gov.au
968,Valdemar,Dell Casa,vdellcasaqv@time.com
969,Lianne,Brugemann,lbrugemannqw@ibm.com
970,Antonetta,Melendez,amelendezqx@hud.gov
971,Mela,Benoy,mbenoyqy@google.es
972,Kissiah,Terrans,kterransqz@yolasite.com
973,Scotti,Bearne,sbearner0@theguardian.com
974,Shalna,Jarnell,sjarnellr1@yahoo.com
975,Robby,Valintine,rvalintiner2@bandcamp.com
976,Bernardo,McCoole,bmccooler3@spotify.com
977,Cori,MacGall,cmacgallr4@gnu.org
978,Helyn,Jenton,hjentonr5@tuttocitta.it
979,Nestor,LeEstut,nleestutr6@xrea.com
980,Dulcy,Butt,dbuttr7@tripod.com
981,Celie,Fowle,cfowler8@cloudflare.com
982,Mignonne,Nanninini,mnannininir9@prnewswire.com
983,Ritchie,Withey,rwitheyra@boston.com
984,Tulley,McNish,tmcnishrb@weebly.com
985,Nertie,Scoggins,nscogginsrc@cargocollective.com
986,Flory,Witul,fwitulrd@wikipedia.org
987,Zara,Leyzell,zleyzellre@gizmodo.com
988,Tremayne,Boatwright,tboatwrightrf@cdc.gov
989,Jessy,Ivanenkov,jivanenkovrg@ehow.com
990,Elli,MacConnal,emacconnalrh@si.edu
991,Samaria,O'Heagertie,soheagertieri@friendfeed.com
992,Shelagh,Hawkeswood,shawkeswoodrj@sphinn.com
993,Susette,Esmead,sesmeadrk@whitehouse.gov
994,Karissa,Giblett,kgiblettrl@oracle.com
995,Micah,Cord,mcordrm@sitemeter.com
996,Connor,Trimming,ctrimmingrn@wiley.com
997,Pierce,Chsteney,pchsteneyro@booking.com
998,Patsy,Busfield,pbusfieldrp@ask.com
999,Barbey,Druce,bdrucerq@yellowbook.com
1000,Roderick,Clint,rclintrr@blogs.com
