id,first_name,last_name,email
1,Aubrette,Percy,apercy0@amazonaws.com
2,Dalt,Stubbin,dstubbin1@yale.edu
3,Bendick,Harteley,bharteley2@wikimedia.org
4,Kendrick,Odgers,kodgers3@e-recht24.de
5,Heywood,Bubb,hbubb4@wp.com
6,Christye,Leser,cleser5@sourceforge.net
7,Towny,Francke,tfrancke6@sakura.ne.jp
8,Larisa,Ferrick,lferrick7@accuweather.com
9,Donnie,Gethouse,dgethouse8@census.gov
10,Roxanne,Simka,rsimka9@goo.gl
11,Joyous,Ormerod,jormeroda@globo.com
12,Adella,Penella,apenellab@ustream.tv
13,Kenyon,Birkinshaw,kbirkinshawc@reference.com
14,Celestia,Ower,cowerd@thetimes.co.uk
15,Wallache,Huckster,whuckstere@posterous.com
16,Shayne,Filler,sfillerf@spiegel.de
17,Lilias,Ghidelli,lghidellig@scientificamerican.com
18,Andrea,Renish,arenishh@163.com
19,Mikaela,Quirk,mquirki@independent.co.uk
20,Steffane,Robertot,srobertotj@e-recht24.de
21,Meryl,Lowson,mlowsonk@utexas.edu
22,Joelie,Marshall,jmarshalll@bigcartel.com
23,Lamar,McWilliams,lmcwilliamsm@weebly.com
24,Thaddeus,Buyers,tbuyersn@posterous.com
25,Vannie,Foxten,vfoxteno@skype.com
26,Jacob,Solomon,jsolomonp@digg.com
27,Caldwell,Barkus,cbarkusq@myspace.com
28,Abagael,Wodeland,awodelandr@list-manage.com
29,Guss,Beney,gbeneys@wikipedia.org
30,Elicia,Leggin,eleggint@altervista.org
31,Faina,Jonah,fjonahu@51.la
32,Yevette,Antoney,yantoneyv@wordpress.org
33,Felic,McMechan,fmcmechanw@icq.com
34,Georgeanna,Campbell-Dunlop,gcampbelldunlopx@virginia.edu
35,Chip,Lamzed,clamzedy@sitemeter.com
36,Dierdre,Fischer,dfischerz@ucoz.com
37,Moll,Jenicek,mjenicek10@ucla.edu
38,Fiorenze,Gergolet,fgergolet11@ted.com
39,Glenn,Rattenbury,grattenbury12@goo.ne.jp
40,Justinian,Ashwell,jashwell13@abc.net.au
41,Lea,Bernardotte,lbernardotte14@alibaba.com
42,Aylmer,Le Cornu,alecornu15@umich.edu
43,Brandyn,Wysome,bwysome16@cdc.gov
44,Wallie,Ordish,wordish17@google.fr
45,Jaime,Deverock,jdeverock18@unicef.org
46,Kenyon,Vesco,kvesco19@mysql.com
47,Major,Levison,mlevison1a@imageshack.us
48,Yvette,Tricker,ytricker1b@weibo.com
49,Bram,Rockwell,brockwell1c@webmd.com
50,Rafe,Farrah,rfarrah1d@merriam-webster.com
51,Edyth,Fussey,efussey1e@quantcast.com
52,Kincaid,Lavigne,klavigne1f@discuz.net
53,Lezley,Jobern,ljobern1g@over-blog.com
54,Nata,Mussolini,nmussolini1h@bloomberg.com
55,Nadean,Thoms,nthoms1i@columbia.edu
56,Viviene,Middleditch,vmiddleditch1j@admin.ch
57,Rayshell,Jewster,rjewster1k@unc.edu
58,Farra,Scanlin,fscanlin1l@skype.com
59,Shep,Gilli,sgilli1m@privacy.gov.au
60,Nicol,Royan,nroyan1n@ucsd.edu
61,Hailee,Golley,hgolley1o@nsw.gov.au
62,Rosco,Pantin,rpantin1p@nba.com
63,Reynold,Buckles,rbuckles1q@geocities.com
64,Kort,Formie,kformie1r@ucsd.edu
65,Honey,Champneys,hchampneys1s@i2i.jp
66,Danice,Rowntree,drowntree1t@ocn.ne.jp
67,Garry,Revelle,grevelle1u@mediafire.com
68,Murdoch,Reef,mreef1v@tumblr.com
69,Lorilyn,Ahrend,lahrend1w@mapquest.com
70,Barbie,Kilkenny,bkilkenny1x@youtube.com
71,Les,Currao,lcurrao1y@blogspot.com
72,Lawry,MacAiline,lmacailine1z@twitter.com
73,Waly,Robinett,wrobinett20@ezinearticles.com
74,Blair,Fardo,bfardo21@hc360.com
75,Mattias,Utting,mutting22@nydailynews.com
76,Ingrid,Nequest,inequest23@icio.us
77,Binny,Pudan,bpudan24@paypal.com
78,Mathilda,McLise,mmclise25@weibo.com
79,Colver,Skidmore,cskidmore26@ebay.com
80,Rodge,Sollett,rsollett27@wired.com
81,Hadrian,Philcock,hphilcock28@loc.gov
82,Lyda,Rodenborch,lrodenborch29@alexa.com
83,Emalia,Bairstow,ebairstow2a@phoca.cz
84,Ermentrude,Routh,erouth2b@so-net.ne.jp
85,Sarita,Yoslowitz,syoslowitz2c@networkadvertising.org
86,Willie,Howgill,whowgill2d@ovh.net
87,Emmalynne,Trousdell,etrousdell2e@cyberchimps.com
88,Kizzee,Jephcott,kjephcott2f@tamu.edu
89,Keelby,Le Surf,klesurf2g@economist.com
90,Lacey,Shepperd,lshepperd2h@sakura.ne.jp
91,Jesse,D'Avaux,jdavaux2i@mysql.com
92,El,Ratazzi,eratazzi2j@soup.io
93,Antoinette,Gergler,agergler2k@photobucket.com
94,Munroe,People,mpeople2l@narod.ru
95,Karola,Ennever,kennever2m@china.com.cn
96,Jocko,Sarfat,jsarfat2n@epa.gov
97,Vanda,Van Dalen,vvandalen2o@vkontakte.ru
98,Tan,Calbaithe,tcalbaithe2p@ox.ac.uk
99,Ennis,Breffit,ebreffit2q@reuters.com
100,Jamill,Kiffin,jkiffin2r@discovery.com
101,Steffie,Wipfler,swipfler2s@nature.com
102,Andrea,Hackworthy,ahackworthy2t@mashable.com
103,Jacklyn,Schroeder,jschroeder2u@imdb.com
104,Yul,Harby,yharby2v@wix.com
105,Issy,Kenrick,ikenrick2w@bloglovin.com
106,Sergei,Pretorius,spretorius2x@stanford.edu
107,Julianna,Natalie,jnatalie2y@craigslist.org
108,Mallory,Bardwall,mbardwall2z@live.com
109,Hedi,Tierney,htierney30@whitehouse.gov
110,Pascal,Onge,ponge31@cargocollective.com
111,Carilyn,Shires,cshires32@desdev.cn
112,Valeda,Gypps,vgypps33@cloudflare.com
113,Billye,Neaverson,bneaverson34@eepurl.com
114,Gerianne,Leppingwell,gleppingwell35@studiopress.com
115,Randolph,Haine,rhaine36@tripadvisor.com
116,Darline,Sommerlin,dsommerlin37@feedburner.com
117,Tabitha,Mardall,tmardall38@tinyurl.com
118,Aili,Guyon,aguyon39@rakuten.co.jp
119,Alfie,Lusk,alusk3a@hibu.com
120,Lay,Yakuntzov,lyakuntzov3b@zimbio.com
121,Constantine,Trapp,ctrapp3c@nifty.com
122,Jacinthe,Benthall,jbenthall3d@microsoft.com
123,Rudolph,Attle,rattle3e@slideshare.net
124,Bethanne,Soppit,bsoppit3f@ovh.net
125,Lenette,Antosik,lantosik3g@cnet.com
126,Jacky,McLukie,jmclukie3h@marriott.com
127,Roarke,Ivashechkin,rivashechkin3i@moonfruit.com
128,Hendrika,Wetherby,hwetherby3j@parallels.com
129,Ansley,Coneley,aconeley3k@answers.com
130,Licha,Horrod,lhorrod3l@imgur.com
131,Merci,Bellini,mbellini3m@purevolume.com
132,Meara,Fetterplace,mfetterplace3n@cdc.gov
133,Tarra,O'Nion,tonion3o@tumblr.com
134,Pip,Masurel,pmasurel3p@forbes.com
135,Jany,Livesley,jlivesley3q@ustream.tv
136,Adriana,Brumhead,abrumhead3r@independent.co.uk
137,Shanon,Nyles,snyles3s@fotki.com
138,Amaleta,Vagg,avagg3t@technorati.com
139,Inglebert,Fenech,ifenech3u@pbs.org
140,Suzanna,Hellings,shellings3v@sun.com
141,Moss,Salsberg,msalsberg3w@fotki.com
142,Pen,Silburn,psilburn3x@behance.net
143,Pippy,Moreman,pmoreman3y@joomla.org
144,Reid,Olivie,rolivie3z@friendfeed.com
145,Michelle,Biever,mbiever40@cargocollective.com
146,Konstantin,MacCarroll,kmaccarroll41@fema.gov
147,Neila,Gantley,ngantley42@webs.com
148,Hatty,Letham,hletham43@addtoany.com
149,Cassie,Popple,cpopple44@answers.com
150,Gabey,Busch,gbusch45@printfriendly.com
151,Benny,Matusov,bmatusov46@bigcartel.com
152,Sophey,Briers,sbriers47@pinterest.com
153,Bale,Havock,bhavock48@timesonline.co.uk
154,Truman,Brookz,tbrookz49@odnoklassniki.ru
155,Freda,Arundel,farundel4a@usatoday.com
156,Maurice,Hegden,mhegden4b@paypal.com
157,Rita,Saltmarsh,rsaltmarsh4c@gizmodo.com
158,Agnes,Andersen,aandersen4d@mit.edu
159,Harald,Spellward,hspellward4e@homestead.com
160,Lawton,Langan,llangan4f@flavors.me
161,Alyse,Van Hault,avanhault4g@wikimedia.org
162,Ennis,Tremethack,etremethack4h@vistaprint.com
163,Phyllida,Wesker,pwesker4i@virginia.edu
164,Hank,Lorinez,hlorinez4j@nationalgeographic.com
165,Roosevelt,Dagg,rdagg4k@rakuten.co.jp
166,Zandra,Cucuzza,zcucuzza4l@goodreads.com
167,Laurence,Blanket,lblanket4m@time.com
168,Colette,Soot,csoot4n@baidu.com
169,Del,Pettegre,dpettegre4o@bloomberg.com
170,Lotti,Wilkin,lwilkin4p@jiathis.com
171,Ransom,Stidson,rstidson4q@go.com
172,Kendall,Tanton,ktanton4r@hexun.com
173,Darcee,McCluin,dmccluin4s@engadget.com
174,Roley,Drinkall,rdrinkall4t@google.es
175,Jodi,Bohea,jbohea4u@istockphoto.com
176,Tracy,Burden,tburden4v@sakura.ne.jp
177,Gregorio,Olland,golland4w@pen.io
178,Leda,Mynett,lmynett4x@jalbum.net
179,Gianni,Orritt,gorritt4y@instagram.com
180,Lazaro,Parmenter,lparmenter4z@tamu.edu
181,Kaile,Sangra,ksangra50@independent.co.uk
182,Rafael,Macklam,rmacklam51@google.ru
183,Mavra,Attarge,mattarge52@tripadvisor.com
184,Kaitlin,Eastup,keastup53@symantec.com
185,Levey,Lidgett,llidgett54@webmd.com
186,Alix,Shory,ashory55@barnesandnoble.com
187,Loren,Powys,lpowys56@a8.net
188,Shirline,McAviy,smcaviy57@imageshack.us
189,Elyse,Trodd,etrodd58@nsw.gov.au
190,Estell,Dewsnap,edewsnap59@chronoengine.com
191,Alayne,Aubray,aaubray5a@odnoklassniki.ru
192,Chiquia,Heynen,cheynen5b@naver.com
193,Rozanna,Riach,rriach5c@twitter.com
194,Brietta,Pethrick,bpethrick5d@usatoday.com
195,Anet,McMurrugh,amcmurrugh5e@wp.com
196,Addy,Treves,atreves5f@pagesperso-orange.fr
197,Roxine,Chaytor,rchaytor5g@ameblo.jp
198,Katusha,Tiffany,ktiffany5h@patch.com
199,Kaleb,Cargon,kcargon5i@free.fr
200,Reeba,Carvill,rcarvill5j@google.co.uk
201,Allyson,Gherardini,agherardini5k@examiner.com
202,Tamas,Ledrun,tledrun5l@indiatimes.com
203,Blakelee,Luker,bluker5m@t-online.de
204,Oralla,Hammonds,ohammonds5n@bing.com
205,Sue,Shadfourth,sshadfourth5o@hostgator.com
206,Gerty,Furlong,gfurlong5p@mozilla.com
207,Jeth,Hurrion,jhurrion5q@seattletimes.com
208,Coretta,Allchin,callchin5r@weather.com
209,Merill,Hauger,mhauger5s@reverbnation.com
210,Goldina,Nightingale,gnightingale5t@cisco.com
211,Chaunce,Castles,ccastles5u@topsy.com
212,Karie,MacCourt,kmaccourt5v@google.de
213,Calhoun,Woolley,cwoolley5w@jiathis.com
214,Ibrahim,Lindblad,ilindblad5x@geocities.com
215,Etan,Bearcroft,ebearcroft5y@globo.com
216,Yard,Tortoishell,ytortoishell5z@mozilla.com
217,Beltran,Leuty,bleuty60@studiopress.com
218,Urbain,Dawtry,udawtry61@nytimes.com
219,Barthel,O'Shea,boshea62@deviantart.com
220,Nichole,Jinkins,njinkins63@soundcloud.com
221,Glenine,Levinge,glevinge64@jalbum.net
222,Diego,Reely,dreely65@free.fr
223,Deni,Wetherburn,dwetherburn66@geocities.com
224,Patti,Aviss,paviss67@arizona.edu
225,Gavin,Leakner,gleakner68@vk.com
226,Friedrich,Flancinbaum,fflancinbaum69@usda.gov
227,Gerhard,Sines,gsines6a@ameblo.jp
228,Nickola,Noods,nnoods6b@wp.com
229,Juliana,Jeste,jjeste6c@prweb.com
230,Electra,Sleightholm,esleightholm6d@vkontakte.ru
231,Serge,Tuffs,stuffs6e@cbslocal.com
232,Adelaide,D' Angelo,adangelo6f@wsj.com
233,Mervin,Quantrill,mquantrill6g@usatoday.com
234,Melosa,Cronshaw,mcronshaw6h@msu.edu
235,Olav,Saywell,osaywell6i@skyrock.com
236,Elvira,Strahan,estrahan6j@bravesites.com
237,Estel,Stendell,estendell6k@xinhuanet.com
238,Kerianne,Lambert,klambert6l@simplemachines.org
239,Oneida,Pimme,opimme6m@seesaa.net
240,Brenn,Woodus,bwoodus6n@is.gd
241,Karon,Crunkhorn,kcrunkhorn6o@adobe.com
242,Bev,Lochrie,blochrie6p@hao123.com
243,Pepito,Mizzi,pmizzi6q@reuters.com
244,Sunny,Boomes,sboomes6r@google.cn
245,Deane,Cuttings,dcuttings6s@cpanel.net
246,Maggee,Prophet,mprophet6t@elegantthemes.com
247,Yolanthe,Sehorsch,ysehorsch6u@imageshack.us
248,Edy,Arnaldy,earnaldy6v@ft.com
249,Zorina,Howton,zhowton6w@vistaprint.com
250,Lauraine,Swadlen,lswadlen6x@zimbio.com
251,Reine,Carville,rcarville6y@vimeo.com
252,Joane,Deehan,jdeehan6z@va.gov
253,Tristan,Avramovitz,tavramovitz70@opera.com
254,Micky,Koene,mkoene71@symantec.com
255,Alva,Wilde,awilde72@wired.com
256,Rodrigo,Aronowitz,raronowitz73@shareasale.com
257,Jeane,Blachford,jblachford74@senate.gov
258,Merola,Madigan,mmadigan75@flavors.me
259,Dante,Gallelli,dgallelli76@clickbank.net
260,Edie,Stembridge,estembridge77@mtv.com
261,Jorie,Mingey,jmingey78@shop-pro.jp
262,Bary,Livesay,blivesay79@telegraph.co.uk
263,Cherlyn,Entwisle,centwisle7a@google.nl
264,Maryanne,Tabram,mtabram7b@goo.ne.jp
265,Joane,Porch,jporch7c@soundcloud.com
266,Alisa,Durham,adurham7d@cam.ac.uk
267,Gratiana,Radin,gradin7e@over-blog.com
268,Davin,Borsnall,dborsnall7f@marriott.com
269,Katherina,Schiesterl,kschiesterl7g@wp.com
270,Gradey,Hayes,ghayes7h@gmpg.org
271,Trevar,Cromly,tcromly7i@cnbc.com
272,Arline,Dugue,adugue7j@ucsd.edu
273,Leonerd,Goacher,lgoacher7k@epa.gov
274,Nowell,Tetsall,ntetsall7l@mail.ru
275,Ferrel,Sparway,fsparway7m@bloglines.com
276,Kayne,Havercroft,khavercroft7n@disqus.com
277,Berkie,Ianelli,bianelli7o@google.com.hk
278,Truda,Unsworth,tunsworth7p@noaa.gov
279,Laurie,Whaites,lwhaites7q@ask.com
280,Star,Lassell,slassell7r@topsy.com
281,Kelli,Lester,klester7s@ezinearticles.com
282,Daile,Foulger,dfoulger7t@shareasale.com
283,Rudie,Pinxton,rpinxton7u@google.com.au
284,Riordan,Mullarkey,rmullarkey7v@mysql.com
285,Row,Sybry,rsybry7w@example.com
286,Gloriane,Hedney,ghedney7x@microsoft.com
287,Arvin,Gooders,agooders7y@ftc.gov
288,Illa,Woosnam,iwoosnam7z@indiatimes.com
289,Tabbitha,Dabrowski,tdabrowski80@google.co.uk
290,Iolande,Bohlmann,ibohlmann81@jimdo.com
291,Jacquie,Sline,jsline82@eventbrite.com
292,Bearnard,Astman,bastman83@purevolume.com
293,Ragnar,Calrow,rcalrow84@miibeian.gov.cn
294,Beverly,Anney,banney85@berkeley.edu
295,Lizzy,Beswetherick,lbeswetherick86@google.fr
296,Aksel,MacDonnell,amacdonnell87@livejournal.com
297,Marylou,Allsepp,mallsepp88@typepad.com
298,Dallon,Dunbar,ddunbar89@php.net
299,Isis,Bettleson,ibettleson8a@yellowpages.com
300,Raymund,Glyde,rglyde8b@hugedomains.com
301,Oran,Caberas,ocaberas8c@upenn.edu
302,Lyn,Horsell,lhorsell8d@t-online.de
303,Cathee,Bamford,cbamford8e@apache.org
304,Fayth,Edgecumbe,fedgecumbe8f@census.gov
305,Jefferey,Pentecust,jpentecust8g@si.edu
306,Hailee,Ellcock,hellcock8h@hostgator.com
307,Ernestus,Farbrace,efarbrace8i@technorati.com
308,Fania,Meighan,fmeighan8j@netvibes.com
309,Richart,Broadhurst,rbroadhurst8k@parallels.com
310,Geno,Celier,gcelier8l@creativecommons.org
311,Westbrook,Fitchell,wfitchell8m@ebay.co.uk
312,Suzann,Kingzet,skingzet8n@csmonitor.com
313,Shannen,Bunt,sbunt8o@webnode.com
314,Talbot,Reekie,treekie8p@hud.gov
315,Gusty,Chritchley,gchritchley8q@mlb.com
316,Bertie,Dreger,bdreger8r@goo.ne.jp
317,Neddy,Caldecutt,ncaldecutt8s@yale.edu
318,Marty,Fleischer,mfleischer8t@psu.edu
319,Aridatha,Weetch,aweetch8u@indiegogo.com
320,Pearce,Lomond,plomond8v@google.com
321,Allyn,McIlwain,amcilwain8w@pagesperso-orange.fr
322,Marty,Davisson,mdavisson8x@arstechnica.com
323,Iver,Feehily,ifeehily8y@sciencedaily.com
324,Ashli,Tolefree,atolefree8z@blogger.com
325,Zebulen,Goodsal,zgoodsal90@de.vu
326,Christalle,Treherne,ctreherne91@topsy.com
327,Clotilda,Skouling,cskouling92@lycos.com
328,Reuven,Trenouth,rtrenouth93@free.fr
329,Sawyere,Black,sblack94@rediff.com
330,Hollyanne,Wogan,hwogan95@rambler.ru
331,Babette,Pearcey,bpearcey96@live.com
332,Dwight,Gudgin,dgudgin97@shop-pro.jp
333,Mylo,Dalwood,mdalwood98@xinhuanet.com
334,Eba,Spacy,espacy99@163.com
335,Evelyn,Manwell,emanwell9a@marriott.com
336,Clarita,Surguine,csurguine9b@harvard.edu
337,Archie,Trickey,atrickey9c@usgs.gov
338,Gage,Oulett,goulett9d@artisteer.com
339,Inger,Wolledge,iwolledge9e@adobe.com
340,Maisie,Pullen,mpullen9f@free.fr
341,Sela,Kier,skier9g@google.co.uk
342,Dana,Menelaws,dmenelaws9h@timesonline.co.uk
343,Orran,Gorman,ogorman9i@tinypic.com
344,Constance,Mattacks,cmattacks9j@netscape.com
345,Cherey,Kiddey,ckiddey9k@craigslist.org
346,Thaxter,Ciccotti,tciccotti9l@toplist.cz
347,Aloin,Fetherston,afetherston9m@slate.com
348,Desmond,Licari,dlicari9n@phpbb.com
349,Robinette,Chinery,rchinery9o@opera.com
350,Delano,Handasyde,dhandasyde9p@bloglovin.com
351,Gwendolin,Brashier,gbrashier9q@so-net.ne.jp
352,Micki,Langshaw,mlangshaw9r@xing.com
353,Brandice,Greg,bgreg9s@twitpic.com
354,Minetta,Iuorio,miuorio9t@economist.com
355,Marne,Wymer,mwymer9u@mozilla.com
356,Chev,Killock,ckillock9v@parallels.com
357,Eden,Drever,edrever9w@hostgator.com
358,Jermaine,Tocher,jtocher9x@springer.com
359,Mahmoud,Marzella,mmarzella9y@elegantthemes.com
360,Gunner,Laurentino,glaurentino9z@yahoo.co.jp
361,Rafferty,Covell,rcovella0@deliciousdays.com
362,Eleen,Jarmyn,ejarmyna1@github.io
363,Egor,Gullan,egullana2@cbslocal.com
364,Blair,Malarkey,bmalarkeya3@dropbox.com
365,Ashley,Berthomier,aberthomiera4@columbia.edu
366,Agneta,Inglesant,ainglesanta5@sciencedaily.com
367,Ximenez,Losbie,xlosbiea6@sphinn.com
368,Ashlee,Robertson,arobertsona7@loc.gov
369,Woody,Nowick,wnowicka8@sfgate.com
370,Ingemar,Tuckey,ituckeya9@typepad.com
371,Shane,Easen,seasenaa@nytimes.com
372,Chadd,Gaddes,cgaddesab@spotify.com
373,Viola,Willman,vwillmanac@sbwire.com
374,Sallyann,Lambourne,slambournead@phpbb.com
375,Caddric,Stanley,cstanleyae@homestead.com
376,Roobbie,Murt,rmurtaf@google.co.uk
377,Chrissie,Bleeze,cbleezeag@state.gov
378,Fraze,Leagas,fleagasah@reddit.com
379,Marijo,Durran,mdurranai@theglobeandmail.com
380,Anne,Haszard,ahaszardaj@state.gov
381,Clarke,Zorer,czorerak@paypal.com
382,Cristionna,Lincey,clinceyal@squarespace.com
383,Camille,Davidofski,cdavidofskiam@aboutads.info
384,Rey,Hinsch,rhinschan@pagesperso-orange.fr
385,Celina,Taffarello,ctaffarelloao@mozilla.com
386,Pietrek,Fullman,pfullmanap@blogger.com
387,Jaclin,Barnish,jbarnishaq@chicagotribune.com
388,Ursula,Frossell,ufrossellar@vistaprint.com
389,Frankie,Stevings,fstevingsas@marketwatch.com
390,Christen,Sobtka,csobtkaat@unblog.fr
391,Karry,Clitsome,kclitsomeau@google.cn
392,Ingmar,Izhak,iizhakav@sfgate.com
393,Britt,Pridham,bpridhamaw@whitehouse.gov
394,Hortense,Stuehmeier,hstuehmeierax@1und1.de
395,Amalie,Paolone,apaoloneay@home.pl
396,Benoit,Glewe,bgleweaz@timesonline.co.uk
397,Thacher,Winspar,twinsparb0@newyorker.com
398,Corey,Yushmanov,cyushmanovb1@npr.org
399,Nelia,Gowanlock,ngowanlockb2@nationalgeographic.com
400,Allys,Inglis,ainglisb3@ask.com
401,Jaclyn,Giamelli,jgiamellib4@arizona.edu
402,Joaquin,Simo,jsimob5@wikimedia.org
403,Constantine,Jaycox,cjaycoxb6@nasa.gov
404,Currey,Matuszynski,cmatuszynskib7@xing.com
405,Alasdair,Marlon,amarlonb8@yandex.ru
406,Leighton,Pellitt,lpellittb9@microsoft.com
407,Jayme,Macieja,jmaciejaba@soup.io
408,Ginevra,Ramalhete,gramalhetebb@123-reg.co.uk
409,Dennie,Corbin,dcorbinbc@digg.com
410,Averell,Le Quesne,alequesnebd@mysql.com
411,Alejandra,Farlam,afarlambe@ameblo.jp
412,Jay,Welton,jweltonbf@sohu.com
413,Welbie,Denman,wdenmanbg@phpbb.com
414,Conni,Noe,cnoebh@dion.ne.jp
415,George,Lowthian,glowthianbi@auda.org.au
416,Laetitia,Adney,ladneybj@163.com
417,Jaynell,Frances,jfrancesbk@seesaa.net
418,Ode,Andreu,oandreubl@dion.ne.jp
419,Shay,Kenan,skenanbm@parallels.com
420,Vaughan,Idell,videllbn@t.co
421,Orland,Finlason,ofinlasonbo@alibaba.com
422,Ludvig,Wiffen,lwiffenbp@desdev.cn
423,Joshia,Furneaux,jfurneauxbq@deliciousdays.com
424,Christie,Standring,cstandringbr@amazon.com
425,Ilario,Lisciandri,ilisciandribs@nationalgeographic.com
426,Livvyy,Farny,lfarnybt@ihg.com
427,Esteban,Rosenqvist,erosenqvistbu@businesswire.com
428,Brewster,Kibbe,bkibbebv@printfriendly.com
429,Shandie,Gateley,sgateleybw@canalblog.com
430,Karin,Forder,kforderbx@opera.com
431,Parke,Agney,pagneyby@diigo.com
432,Patin,Truluck,ptruluckbz@shop-pro.jp
433,Flossie,Whether,fwhetherc0@flickr.com
434,Shaine,Favill,sfavillc1@networksolutions.com
435,Martainn,Thyng,mthyngc2@tmall.com
436,Sabra,Dahlberg,sdahlbergc3@vkontakte.ru
437,Kennedy,Ranger,krangerc4@aol.com
438,Franni,Wren,fwrenc5@scribd.com
439,Josy,Bernocchi,jbernocchic6@xing.com
440,Ann-marie,Giffaut,agiffautc7@angelfire.com
441,Colette,Breznovic,cbreznovicc8@reuters.com
442,Hildegarde,Lenton,hlentonc9@sina.com.cn
443,Sapphira,Bradman,sbradmanca@blogs.com
444,Herc,Eirwin,heirwincb@latimes.com
445,Jeremias,Tomas,jtomascc@homestead.com
446,Karrie,Manchester,kmanchestercd@dmoz.org
447,Gloria,Lechelle,glechellece@ted.com
448,Latrina,Rodrig,lrodrigcf@bigcartel.com
449,Ilaire,Reiling,ireilingcg@123-reg.co.uk
450,Daloris,Purnell,dpurnellch@studiopress.com
451,Janeva,Lambourn,jlambournci@php.net
452,Kaitlyn,Starbuck,kstarbuckcj@purevolume.com
453,Otto,Grigson,ogrigsonck@jigsy.com
454,Lannie,Hurd,lhurdcl@guardian.co.uk
455,Virgie,Garrattley,vgarrattleycm@jimdo.com
456,Alard,Golson,agolsoncn@opensource.org
457,Nichole,Monsey,nmonseyco@oakley.com
458,Deanna,Keeping,dkeepingcp@microsoft.com
459,Alix,Redferne,aredfernecq@mayoclinic.com
460,Marley,Sarfatti,msarfatticr@nature.com
461,Tessie,Whardley,twhardleycs@msn.com
462,Maurice,Semorad,msemoradct@exblog.jp
463,Cordy,Batha,cbathacu@dion.ne.jp
464,Kamilah,Harris,kharriscv@lulu.com
465,Fonz,MacMeeking,fmacmeekingcw@forbes.com
466,Mireille,Rouff,mrouffcx@statcounter.com
467,Anabal,O'Fielly,aofiellycy@yale.edu
468,Ina,Raffan,iraffancz@livejournal.com
469,Mycah,Antill,mantilld0@imdb.com
470,Coriss,Moulton,cmoultond1@elegantthemes.com
471,Kurtis,Mieville,kmievilled2@aol.com
472,Zilvia,Covotti,zcovottid3@joomla.org
473,Felicity,Matthaus,fmatthausd4@nytimes.com
474,Borden,Cucinotta,bcucinottad5@ameblo.jp
475,Zane,Plumptre,zplumptred6@unc.edu
476,Arnaldo,Duro,adurod7@mapquest.com
477,Aili,Hussey,ahusseyd8@sina.com.cn
478,Marji,Jakoviljevic,mjakoviljevicd9@earthlink.net
479,Stanly,Copeland,scopelandda@joomla.org
480,Birdie,Bricknell,bbricknelldb@ustream.tv
481,Carey,Fisk,cfiskdc@acquirethisname.com
482,Kaila,Barehead,kbareheaddd@fema.gov
483,Modesta,Hazelgrove,mhazelgrovede@google.es
484,Pippa,Ferrand,pferranddf@rediff.com
485,Nessie,Francomb,nfrancombdg@wikipedia.org
486,Cordie,Dalman,cdalmandh@thetimes.co.uk
487,Diana,Phillps,dphillpsdi@ftc.gov
488,Bernadine,Whawell,bwhawelldj@irs.gov
489,Audre,Dulake,adulakedk@tinypic.com
490,Auberta,Colmer,acolmerdl@nih.gov
491,Ernst,Will,ewilldm@nyu.edu
492,Desi,Cocks,dcocksdn@hhs.gov
493,Radcliffe,Storah,rstorahdo@cnet.com
494,Julita,McMurraya,jmcmurrayadp@nymag.com
495,Martha,Buckam,mbuckamdq@omniture.com
496,Giffie,Brockie,gbrockiedr@cam.ac.uk
497,Cornela,Meagher,cmeagherds@dedecms.com
498,Gabrila,Crewdson,gcrewdsondt@purevolume.com
499,Laryssa,Scrowston,lscrowstondu@comsenz.com
500,Patrice,L'Hommee,plhommeedv@pen.io
501,Vanna,Eldin,veldindw@sogou.com
502,Astrid,Fadian,afadiandx@shareasale.com
503,Issiah,Bayfield,ibayfielddy@unc.edu
504,Abby,Demsey,ademseydz@wikipedia.org
505,Nat,Loges,nlogese0@comsenz.com
506,Faun,Covet,fcovete1@cnbc.com
507,Christin,Maruszewski,cmaruszewskie2@japanpost.jp
508,Leeanne,Winsiowiecki,lwinsiowieckie3@gmpg.org
509,Lazarus,Montez,lmonteze4@topsy.com
510,Teddy,Everist,teveriste5@artisteer.com
511,Willie,Halladey,whalladeye6@cafepress.com
512,Camilla,McIlhone,cmcilhonee7@google.cn
513,Zacharias,Mayers,zmayerse8@cdbaby.com
514,Hagan,Whiterod,hwhiterode9@simplemachines.org
515,Vic,Cecely,vcecelyea@mapquest.com
516,Jean,Billanie,jbillanieeb@google.es
517,Kristin,Leipelt,kleipeltec@nps.gov
518,Maury,Blethyn,mblethyned@etsy.com
519,Betteanne,Tiddeman,btiddemanee@washingtonpost.com
520,Zaneta,Roxbee,zroxbeeef@cnbc.com
521,Dara,Featherstonehaugh,dfeatherstonehaugheg@bbb.org
522,Leila,Joncic,ljonciceh@bbc.co.uk
523,Nonnah,Boteman,nbotemanei@addtoany.com
524,Lazaro,Simonetto,lsimonettoej@ustream.tv
525,Leland,Laguerre,llaguerreek@cdc.gov
526,Claus,Wildbore,cwildboreel@smh.com.au
527,Heinrick,Jouhning,hjouhningem@delicious.com
528,Crysta,Witsey,cwitseyen@tuttocitta.it
529,Cosmo,Lucken,cluckeneo@gmpg.org
530,Claudianus,Guppy,cguppyep@creativecommons.org
531,Ely,Heibl,eheibleq@addtoany.com
532,Briano,Toderbrugge,btoderbruggeer@amazon.de
533,Tiffie,Du Barry,tdubarryes@webmd.com
534,Patrice,Kitchener,pkitcheneret@disqus.com
535,Jean,Mew,jmeweu@ftc.gov
536,Jere,Dysart,jdysartev@addtoany.com
537,Bunny,Falloon,bfalloonew@ezinearticles.com
538,Johnnie,Jostan,jjostanex@gnu.org
539,Ninon,Ridgedell,nridgedelley@webmd.com
540,Calla,McBrady,cmcbradyez@bluehost.com
541,Reggy,Yakobowitch,ryakobowitchf0@amazon.co.uk
542,Joseph,McCobb,jmccobbf1@shutterfly.com
543,Teddi,Sircomb,tsircombf2@bluehost.com
544,Kale,Purrier,kpurrierf3@tuttocitta.it
545,Kellia,Pittock,kpittockf4@columbia.edu
546,Lyda,Goforth,lgoforthf5@g.co
547,Shelden,Greetham,sgreethamf6@tuttocitta.it
548,Celle,Pentelow,cpentelowf7@examiner.com
549,Baxter,Gratland,bgratlandf8@nationalgeographic.com
550,Franky,Itchingham,fitchinghamf9@wikipedia.org
551,Tyson,Phythian,tphythianfa@wikia.com
552,Nanete,Siccombe,nsiccombefb@pinterest.com
553,Karlik,Nowland,knowlandfc@oracle.com
554,Sarene,Troyes,stroyesfd@topsy.com
555,Kennett,Snookes,ksnookesfe@ning.com
556,Galvan,Girardot,ggirardotff@geocities.jp
557,Malvin,Lean,mleanfg@wufoo.com
558,Sheffy,Erangy,serangyfh@noaa.gov
559,Humfrid,Janak,hjanakfi@cam.ac.uk
560,Raffarty,Lusgdin,rlusgdinfj@163.com
561,Faustine,Heaney`,fheaneyfk@ezinearticles.com
562,Lexine,Jacobsson,ljacobssonfl@webs.com
563,Melly,Woodyer,mwoodyerfm@state.tx.us
564,Rudd,Reidie,rreidiefn@posterous.com
565,Mame,Filkov,mfilkovfo@icq.com
566,Pam,Bezemer,pbezemerfp@typepad.com
567,Gay,Westbrook,gwestbrookfq@newsvine.com
568,Brenn,Crocumbe,bcrocumbefr@globo.com
569,Hillyer,Kalberer,hkalbererfs@ask.com
570,Judon,Colenutt,jcolenuttft@acquirethisname.com
571,Bucky,Cartmel,bcartmelfu@free.fr
572,Shaina,Di Meo,sdimeofv@sitemeter.com
573,Nissa,Anwyl,nanwylfw@epa.gov
574,Michaelina,Rouse,mrousefx@liveinternet.ru
575,Giuditta,Rheaume,grheaumefy@psu.edu
576,Julita,Halwill,jhalwillfz@unblog.fr
577,Barbe,Nester,bnesterg0@smugmug.com
578,Naoma,Baal,nbaalg1@berkeley.edu
579,Myca,McQuilty,mmcquiltyg2@wordpress.org
580,Sharlene,Gittoes,sgittoesg3@wiley.com
581,Morie,Mustin,mmusting4@rediff.com
582,Joelynn,Mourgue,jmourgueg5@symantec.com
583,Ebenezer,Matveyev,ematveyevg6@tinypic.com
584,Luca,Stubley,lstubleyg7@amazon.co.uk
585,Karine,Dickerline,kdickerlineg8@google.com
586,Marquita,Straw,mstrawg9@prnewswire.com
587,Todd,O'Shields,toshieldsga@mlb.com
588,Simone,Frances,sfrancesgb@nifty.com
589,Jerad,Royston,jroystongc@fema.gov
590,Aristotle,Wehner,awehnergd@dmoz.org
591,Sabine,Bonallack,sbonallackge@cocolog-nifty.com
592,Theo,Rydings,trydingsgf@disqus.com
593,Cross,Losebie,closebiegg@usgs.gov
594,Lucinda,Fenton,lfentongh@hugedomains.com
595,Bobbi,Poge,bpogegi@gmpg.org
596,Ericka,Rappport,erappportgj@technorati.com
597,Bendick,Possek,bpossekgk@miitbeian.gov.cn
598,Dredi,Darke,ddarkegl@elegantthemes.com
599,Amalea,Haken,ahakengm@mozilla.com
600,Kassia,Kleint,kkleintgn@dion.ne.jp
601,Donnie,Parnell,dparnellgo@joomla.org
602,Alexander,Bohan,abohangp@163.com
603,Juliette,de Nore,jdenoregq@samsung.com
604,Natividad,Tregian,ntregiangr@simplemachines.org
605,Giacopo,Zebedee,gzebedeegs@xinhuanet.com
606,Nadine,Larkkem,nlarkkemgt@eepurl.com
607,Kerrill,De Marchi,kdemarchigu@goodreads.com
608,Pierce,Kearney,pkearneygv@instagram.com
609,Chickie,Hazlegrove,chazlegrovegw@ed.gov
610,Natalee,Place,nplacegx@tamu.edu
611,Bree,Castlake,bcastlakegy@java.com
612,Hercules,McJerrow,hmcjerrowgz@reference.com
613,Ingelbert,Woloschin,iwoloschinh0@japanpost.jp
614,Thomas,Pozer,tpozerh1@gizmodo.com
615,Christalle,Mattecot,cmattecoth2@google.ru
616,Joanna,Hannabuss,jhannabussh3@webnode.com
617,Raven,Semiraz,rsemirazh4@multiply.com
618,Margaux,Beaument,mbeaumenth5@dagondesign.com
619,Dotti,Bredee,dbredeeh6@networksolutions.com
620,Cordell,Delbergue,cdelbergueh7@netlog.com
621,Kilian,Aylen,kaylenh8@amazon.com
622,Sigismond,Feenan,sfeenanh9@mayoclinic.com
623,Robby,Arp,rarpha@google.es
624,Lisa,Barnbrook,lbarnbrookhb@mac.com
625,Adaline,Tace,atacehc@over-blog.com
626,Whittaker,Ivain,wivainhd@linkedin.com
627,Agretha,Swift,aswifthe@ovh.net
628,Dyane,Gainfort,dgainforthf@sciencedirect.com
629,Flint,Mateu,fmateuhg@sun.com
630,Marillin,Thursfield,mthursfieldhh@washington.edu
631,Jamil,Duffill,jduffillhi@bandcamp.com
632,Angil,Charrette,acharrettehj@sohu.com
633,Rosalind,Quinnell,rquinnellhk@blogspot.com
634,Solly,MacParland,smacparlandhl@liveinternet.ru
635,Lewes,Tolley,ltolleyhm@ucla.edu
636,Louisa,Harce,lharcehn@wikipedia.org
637,Jillana,Cunney,jcunneyho@thetimes.co.uk
638,Daisey,Dadswell,ddadswellhp@reddit.com
639,Vincent,Queree,vquereehq@youtube.com
640,Stevie,Few,sfewhr@godaddy.com
641,Alexis,Lecount,alecounths@studiopress.com
642,Dana,Enderle,denderleht@clickbank.net
643,Vito,Cecchetelli,vcecchetellihu@free.fr
644,Lin,Enever,leneverhv@baidu.com
645,Reinaldo,Hallor,rhallorhw@china.com.cn
646,Celinka,Moye,cmoyehx@storify.com
647,Fulton,Nevinson,fnevinsonhy@topsy.com
648,Bartholomeus,Falconer,bfalconerhz@virginia.edu
649,Winifred,Akram,wakrami0@harvard.edu
650,Elmo,Dudgeon,edudgeoni1@arizona.edu
651,Mabelle,Garstang,mgarstangi2@twitpic.com
652,Chris,Nodes,cnodesi3@tumblr.com
653,Kain,Di Giacomettino,kdigiacomettinoi4@yahoo.co.jp
654,Herc,Dwelly,hdwellyi5@twitter.com
655,Washington,Needs,wneedsi6@liveinternet.ru
656,Lawrence,Comrie,lcomriei7@newyorker.com
657,Wally,Robotham,wrobothami8@state.tx.us
658,Gracia,Coche,gcochei9@rambler.ru
659,Brantley,Abbots,babbotsia@multiply.com
660,Laurella,Cusiter,lcusiterib@people.com.cn
661,Baxie,Minot,bminotic@weather.com
662,Reggy,Varndall,rvarndallid@hc360.com
663,Thorvald,Luffman,tluffmanie@wunderground.com
664,Valencia,Kelf,vkelfif@census.gov
665,Gery,Walkinshaw,gwalkinshawig@t-online.de
666,Richie,Daunay,rdaunayih@live.com
667,Darlene,Blandamore,dblandamoreii@umich.edu
668,Reta,Winspeare,rwinspeareij@smugmug.com
669,Culver,Garaway,cgarawayik@typepad.com
670,Sophie,Berrey,sberreyil@google.fr
671,Valenka,Seekings,vseekingsim@nytimes.com
672,Katina,Stallon,kstallonin@nih.gov
673,Riobard,Kalinke,rkalinkeio@mysql.com
674,Merissa,Iwanicki,miwanickiip@themeforest.net
675,Neill,Klee,nkleeiq@scientificamerican.com
676,Barbabas,Gaize,bgaizeir@photobucket.com
677,Brandy,Weekley,bweekleyis@icio.us
678,Tabbi,Shardlow,tshardlowit@cornell.edu
679,Odey,Satterlee,osatterleeiu@studiopress.com
680,Port,Mattiessen,pmattiesseniv@surveymonkey.com
681,Keslie,Torrecilla,ktorrecillaiw@1und1.de
682,Lowell,Royden,lroydenix@indiatimes.com
683,Roselle,Sturton,rsturtoniy@huffingtonpost.com
684,Ira,Alliband,iallibandiz@icq.com
685,Sara-ann,Cayzer,scayzerj0@auda.org.au
686,Kim,Reditt,kredittj1@theglobeandmail.com
687,Tanner,Everton,tevertonj2@weebly.com
688,Galina,Aggio,gaggioj3@earthlink.net
689,Raeann,Creffield,rcreffieldj4@topsy.com
690,Genevra,Beckitt,gbeckittj5@reddit.com
691,Cordelia,Echelle,cechellej6@artisteer.com
692,Web,Wickman,wwickmanj7@gizmodo.com
693,Kippie,Bourrel,kbourrelj8@bluehost.com
694,Ursulina,Dockreay,udockreayj9@dropbox.com
695,Roseline,Simonyi,rsimonyija@chicagotribune.com
696,Seamus,Waslin,swaslinjb@ed.gov
697,Donelle,Deerness,ddeernessjc@51.la
698,Whitney,Cann,wcannjd@cargocollective.com
699,Willy,Hamberston,whamberstonje@accuweather.com
700,Benita,Comley,bcomleyjf@edublogs.org
701,Sergio,Coke,scokejg@linkedin.com
702,Netti,Joslin,njoslinjh@soundcloud.com
703,Dianemarie,Shakesby,dshakesbyji@timesonline.co.uk
704,Rochester,Ambrois,rambroisjj@so-net.ne.jp
705,Gabi,Adicot,gadicotjk@csmonitor.com
706,Janeen,Casale,jcasalejl@toplist.cz
707,Orelie,Jelks,ojelksjm@miitbeian.gov.cn
708,Karie,Fochs,kfochsjn@dedecms.com
709,Hazel,Hinge,hhingejo@canalblog.com
710,Shirlene,Cobelli,scobellijp@etsy.com
711,Erl,Hopkyns,ehopkynsjq@spotify.com
712,Martica,Duplain,mduplainjr@qq.com
713,Therese,Sidsaff,tsidsaffjs@woothemes.com
714,Charisse,Scullin,cscullinjt@imageshack.us
715,Charley,Tonbye,ctonbyeju@meetup.com
716,Anna,Worrill,aworrilljv@ft.com
717,Randi,Hiddersley,rhiddersleyjw@elpais.com
718,Alphard,Mengo,amengojx@t.co
719,Avis,Masden,amasdenjy@google.com
720,Tamma,McGillivrie,tmcgillivriejz@nbcnews.com
721,Andris,Paula,apaulak0@free.fr
722,Halli,Jessopp,hjessoppk1@yale.edu
723,Erinn,Yakobowitch,eyakobowitchk2@altervista.org
724,Dela,Corless,dcorlessk3@e-recht24.de
725,Cloris,Tison,ctisonk4@ezinearticles.com
726,Fletch,Deveral,fdeveralk5@youtube.com
727,Lilah,Solon,lsolonk6@fc2.com
728,Bent,Nusche,bnuschek7@facebook.com
729,Abagail,Allport,aallportk8@blogtalkradio.com
730,Hope,Vaillant,hvaillantk9@webnode.com
731,Artair,Fossitt,afossittka@jigsy.com
732,Loren,Wyman,lwymankb@angelfire.com
733,Hew,Pyson,hpysonkc@narod.ru
734,Any,Jenckes,ajenckeskd@bloomberg.com
735,Hyacinthe,Drews,hdrewske@com.com
736,Marius,Brisset,mbrissetkf@furl.net
737,Boyce,Capun,bcapunkg@patch.com
738,Creighton,Larvin,clarvinkh@auda.org.au
739,Karlen,Monahan,kmonahanki@columbia.edu
740,Zuzana,Yerrall,zyerrallkj@yahoo.com
741,Jody,Drage,jdragekk@ftc.gov
742,Elmo,Hadigate,ehadigatekl@dailymail.co.uk
743,Terri-jo,Klimek,tklimekkm@alexa.com
744,Corinne,Bloxsom,cbloxsomkn@yellowpages.com
745,Halsey,Chicchelli,hchicchelliko@huffingtonpost.com
746,Zane,Guerrieri,zguerrierikp@bluehost.com
747,Garey,Tommasetti,gtommasettikq@goo.ne.jp
748,Claudette,Pardi,cpardikr@dedecms.com
749,Mikel,Aggett,maggettks@whitehouse.gov
750,Phillip,Hyatt,phyattkt@chron.com
751,Carena,Clapshaw,cclapshawku@istockphoto.com
752,Jacinthe,Barrie,jbarriekv@pagesperso-orange.fr
753,Yule,Pirri,ypirrikw@blogs.com
754,Anallese,Forrest,aforrestkx@nytimes.com
755,Germaine,Fumagall,gfumagallky@businesswire.com
756,Sela,Vale,svalekz@timesonline.co.uk
757,Adlai,Hughill,ahughilll0@hugedomains.com
758,Jonell,Gerger,jgergerl1@instagram.com
759,Guy,Weinmann,gweinmannl2@cisco.com
760,Lenora,Duncan,lduncanl3@businessinsider.com
761,Arturo,Venediktov,avenediktovl4@instagram.com
762,Yovonnda,Scotson,yscotsonl5@timesonline.co.uk
763,Tiphanie,Tenwick,ttenwickl6@flavors.me
764,Clarie,Grishin,cgrishinl7@berkeley.edu
765,Chandler,D'Avaux,cdavauxl8@un.org
766,Carr,Hollindale,chollindalel9@ox.ac.uk
767,Ricki,Feast,rfeastla@hatena.ne.jp
768,Quinn,Wycliffe,qwycliffelb@jiathis.com
769,Ursala,Laughtisse,ulaughtisselc@ibm.com
770,Tim,Fleury,tfleuryld@networksolutions.com
771,Smitty,MacCracken,smaccrackenle@sciencedirect.com
772,Lindsy,Bewly,lbewlylf@newyorker.com
773,Crissy,O'Fihillie,cofihillielg@i2i.jp
774,Salim,MacNamara,smacnamaralh@amazon.co.uk
775,Perl,Gyngell,pgyngellli@yolasite.com
776,Siobhan,Kinney,skinneylj@state.gov
777,Trevor,Caseri,tcaserilk@fastcompany.com
778,Gweneth,McBryde,gmcbrydell@sciencedaily.com
779,Madlen,Gymblett,mgymblettlm@patch.com
780,Noelani,Rosberg,nrosbergln@census.gov
781,Urban,Evers,ueverslo@jigsy.com
782,Maury,Golsworthy,mgolsworthylp@spotify.com
783,Haze,Heephy,hheephylq@stumbleupon.com
784,Frannie,Coult,fcoultlr@usgs.gov
785,Boy,Klemz,bklemzls@berkeley.edu
786,Catha,Pibsworth,cpibsworthlt@irs.gov
787,Ferdinand,Ziehms,fziehmslu@a8.net
788,Neall,Fine,nfinelv@godaddy.com
789,Klemens,Teenan,kteenanlw@vinaora.com
790,Josias,Giberd,jgiberdlx@prlog.org
791,Hunt,Watkiss,hwatkissly@accuweather.com
792,Martelle,Whitby,mwhitbylz@addthis.com
793,Suzanne,Mangham,smanghamm0@pagesperso-orange.fr
794,Tanny,Wigzell,twigzellm1@icq.com
795,Brew,Anthoney,banthoneym2@vistaprint.com
796,Karlen,Sexcey,ksexceym3@is.gd
797,Ciel,Parlatt,cparlattm4@walmart.com
798,Valentia,Dawidsohn,vdawidsohnm5@home.pl
799,Abbe,Wildash,awildashm6@mozilla.org
800,Nickola,Nice,nnicem7@arizona.edu
801,Brit,Bleakman,bbleakmanm8@instagram.com
802,Cosetta,Ullrich,cullrichm9@mashable.com
803,Hannis,Brooksbie,hbrooksbiema@github.io
804,Ruggiero,Sawdy,rsawdymb@tmall.com
805,Dennison,Duffell,dduffellmc@yandex.ru
806,Melicent,Ziemecki,mziemeckimd@cam.ac.uk
807,Saunderson,Kirkhouse,skirkhouseme@wordpress.com
808,Brittan,Grane,bgranemf@comsenz.com
809,Lorilee,Every,leverymg@jiathis.com
810,Dominik,Burriss,dburrissmh@hud.gov
811,Idaline,Chessil,ichessilmi@paypal.com
812,Briny,Lawday,blawdaymj@g.co
813,Rosabel,Ertelt,rerteltmk@dell.com
814,Desmond,Kunes,dkunesml@wufoo.com
815,Esra,Keyme,ekeymemm@princeton.edu
816,Audrye,Guilfoyle,aguilfoylemn@taobao.com
817,Johanna,Grissett,jgrissettmo@wunderground.com
818,Agna,Mildmott,amildmottmp@vistaprint.com
819,Markus,Luckwell,mluckwellmq@illinois.edu
820,Samaria,Lockless,slocklessmr@youtu.be
821,Lewiss,Lartice,llarticems@howstuffworks.com
822,Laurence,Pinchen,lpinchenmt@dedecms.com
823,Ulick,McGaffey,umcgaffeymu@smugmug.com
824,Mart,Posthill,mposthillmv@tmall.com
825,Brietta,Sandry,bsandrymw@xing.com
826,Amelie,Chalfont,achalfontmx@examiner.com
827,Aylmer,Harnes,aharnesmy@blogger.com
828,Vincent,Pierson,vpiersonmz@pagesperso-orange.fr
829,Sofie,Harmon,sharmonn0@newsvine.com
830,Jane,Gonzales,jgonzalesn1@soup.io
831,Helenelizabeth,Fyrth,hfyrthn2@google.ca
832,Guinevere,Targett,gtargettn3@imgur.com
833,Gian,Hallgate,ghallgaten4@indiatimes.com
834,Mario,Giggie,mgiggien5@bloglines.com
835,Lion,Whorf,lwhorfn6@yellowpages.com
836,Brian,McCreadie,bmccreadien7@delicious.com
837,Davita,Demangel,ddemangeln8@geocities.jp
838,Courtney,Pocklington,cpocklingtonn9@moonfruit.com
839,Anthe,Powderham,apowderhamna@spiegel.de
840,Beverlee,Felmingham,bfelminghamnb@hp.com
841,Orsa,Ladyman,oladymannc@pbs.org
842,Christian,Hiner,chinernd@hubpages.com
843,Gianna,Giorgiutti,ggiorgiuttine@dmoz.org
844,Charlena,Ternent,cternentnf@slashdot.org
845,Kris,Meehan,kmeehanng@vkontakte.ru
846,Mackenzie,Kahler,mkahlernh@hibu.com
847,Michaela,Ingman,mingmanni@nsw.gov.au
848,Del,Jovanovic,djovanovicnj@weebly.com
849,Jarrid,Faustin,jfaustinnk@opensource.org
850,Fanya,Guyonnet,fguyonnetnl@newyorker.com
851,Gun,Dumbar,gdumbarnm@google.co.uk
852,Louella,Sidwick,lsidwicknn@symantec.com
853,Konstantine,Honig,khonigno@bbb.org
854,Fernandina,Lucey,fluceynp@booking.com
855,Honey,Decourcy,hdecourcynq@acquirethisname.com
856,Trudy,Scutts,tscuttsnr@ehow.com
857,Teddy,McNab,tmcnabns@spotify.com
858,Shandra,Dilgarno,sdilgarnont@ihg.com
859,Ramsay,Lardeur,rlardeurnu@kickstarter.com
860,Wren,Wennington,wwenningtonnv@google.pl
861,Myron,Gerram,mgerramnw@ustream.tv
862,Ailis,Bean,abeannx@nytimes.com
863,Piotr,Sanderson,psandersonny@multiply.com
864,Engracia,Blackey,eblackeynz@paypal.com
865,Rice,Joris,rjoriso0@yellowpages.com
866,Dru,Flecknoe,dflecknoeo1@over-blog.com
867,Jarid,Manston,jmanstono2@barnesandnoble.com
868,Sissy,Ludy,sludyo3@bandcamp.com
869,Liane,Jurges,ljurgeso4@bloomberg.com
870,Reinaldos,Alkins,ralkinso5@kickstarter.com
871,Gregor,Larose,glaroseo6@usgs.gov
872,Juditha,Persence,jpersenceo7@mit.edu
873,Gauthier,Standish-Brooks,gstandishbrookso8@parallels.com
874,Saul,Pearton,speartono9@myspace.com
875,Hobey,Foker,hfokeroa@forbes.com
876,Adam,Tuxell,atuxellob@npr.org
877,Gamaliel,Kilgannon,gkilgannonoc@barnesandnoble.com
878,Riane,Asple,raspleod@google.cn
879,Selma,Conochie,sconochieoe@youtu.be
880,Winny,Hember,whemberof@xinhuanet.com
881,Karmen,Samwyse,ksamwyseog@vistaprint.com
882,Leighton,Jablonski,ljablonskioh@foxnews.com
883,Ramona,Sommer,rsommeroi@flickr.com
884,Loleta,Dawtrey,ldawtreyoj@unesco.org
885,Ruthy,Cradduck,rcradduckok@earthlink.net
886,Gale,Longmate,glongmateol@twitpic.com
887,Otto,Shirland,oshirlandom@ucoz.com
888,Lilia,Stanex,lstanexon@xinhuanet.com
889,Junie,Ullyott,jullyottoo@blogtalkradio.com
890,Hershel,Maypes,hmaypesop@netvibes.com
891,Gladys,Perrone,gperroneoq@uiuc.edu
892,Carmita,Headly,cheadlyor@youtu.be
893,Jaime,Kitching,jkitchingos@google.fr
894,Alford,Klainer,aklainerot@ifeng.com
895,Paolina,Darrigrand,pdarrigrandou@about.me
896,Renard,Nerney,rnerneyov@plala.or.jp
897,Andria,Bernardeau,abernardeauow@amazon.com
898,Rosalie,Gerriets,rgerrietsox@walmart.com
899,Jewelle,Caulliere,jcaulliereoy@godaddy.com
900,Marleen,Beedell,mbeedelloz@tinypic.com
901,Sheila,Meco,smecop0@oracle.com
902,Misti,Cartlidge,mcartlidgep1@lycos.com
903,Eryn,Demead,edemeadp2@tumblr.com
904,Brucie,Sutterfield,bsutterfieldp3@devhub.com
905,Elna,Renon,erenonp4@creativecommons.org
906,Artie,Cahillane,acahillanep5@usgs.gov
907,Analiese,Baldacchi,abaldacchip6@over-blog.com
908,Heda,Burvill,hburvillp7@ovh.net
909,Fionna,Canape,fcanapep8@google.com.au
910,Selby,Veldstra,sveldstrap9@omniture.com
911,Hilde,Tooth,htoothpa@bloglovin.com
912,Phoebe,Bolley,pbolleypb@godaddy.com
913,Ruth,Pavlov,rpavlovpc@zdnet.com
914,Orazio,Prandy,oprandypd@independent.co.uk
915,Doralia,Issacov,dissacovpe@dmoz.org
916,Kingston,Barbara,kbarbarapf@webnode.com
917,Shayne,Hellin,shellinpg@artisteer.com
918,Mozelle,Robbeke,mrobbekeph@timesonline.co.uk
919,Kayne,Dimblebee,kdimblebeepi@yale.edu
920,Wendy,Andreuzzi,wandreuzzipj@ed.gov
921,Celine,Esland,ceslandpk@issuu.com
922,See,Castanie,scastaniepl@berkeley.edu
923,Rivkah,Horsted,rhorstedpm@nytimes.com
924,Rosina,Mousby,rmousbypn@php.net
925,Sandy,Sibthorpe,ssibthorpepo@mozilla.org
926,Lorri,Royste,lroystepp@google.cn
927,Miltie,Coltman,mcoltmanpq@independent.co.uk
928,Viki,Voules,vvoulespr@google.com.hk
929,Arnie,Jessup,ajessupps@toplist.cz
930,Deane,MacAllester,dmacallesterpt@about.me
931,Virginie,Gallemore,vgallemorepu@about.me
932,Sophronia,Jacobowitz,sjacobowitzpv@sohu.com
933,Lamond,O' Quirk,loquirkpw@scientificamerican.com
934,Yardley,Fattore,yfattorepx@furl.net
935,Issi,Thebes,ithebespy@earthlink.net
936,Zared,Lilleycrop,zlilleycroppz@phpbb.com
937,Alika,Taplow,ataplowq0@ihg.com
938,Ethyl,Eggar,eeggarq1@diigo.com
939,Eleni,Aldham,ealdhamq2@time.com
940,Howard,Ranald,hranaldq3@hud.gov
941,Catlaina,Colleford,ccollefordq4@sfgate.com
942,Arlene,Croome,acroomeq5@hud.gov
943,Garrard,Ponsford,gponsfordq6@exblog.jp
944,Isaak,Feckey,ifeckeyq7@icq.com
945,Lauryn,Abrashkov,labrashkovq8@delicious.com
946,Shirl,Fearey,sfeareyq9@ask.com
947,Berton,Kaser,bkaserqa@phpbb.com
948,Pearline,Mishow,pmishowqb@statcounter.com
949,Nicki,Churchley,nchurchleyqc@comsenz.com
950,Mill,Simpkiss,msimpkissqd@arstechnica.com
951,Ned,McPherson,nmcphersonqe@omniture.com
952,Teena,Carnock,tcarnockqf@ca.gov
953,Gerti,Blacklock,gblacklockqg@clickbank.net
954,Carolee,Strutley,cstrutleyqh@cmu.edu
955,Mathian,Bock,mbockqi@ebay.com
956,Austen,Gerriessen,agerriessenqj@pinterest.com
957,Mordecai,Dominguez,mdominguezqk@marketwatch.com
958,Margaret,Puckinghorne,mpuckinghorneql@chicagotribune.com
959,Bruis,Chittock,bchittockqm@paginegialle.it
960,Gennifer,Fishe,gfisheqn@lycos.com
961,Abie,McCrorie,amccrorieqo@cmu.edu
962,Scarlet,Prandi,sprandiqp@umich.edu
963,Vassili,Keson,vkesonqq@netlog.com
964,Nickolas,Phebee,nphebeeqr@pbs.org
965,Marijn,Fisby,mfisbyqs@dot.gov
966,Conney,Ferreiro,cferreiroqt@smugmug.com
967,Darren,Crudginton,dcrudgintonqu@cargocollective.com
968,Matthias,Rebbeck,mrebbeckqv@merriam-webster.com
969,Olav,Ashurst,oashurstqw@ebay.co.uk
970,Lissa,Calderhead,lcalderheadqx@ask.com
971,Carrie,Mair,cmairqy@wikia.com
972,Basil,Gooke,bgookeqz@kickstarter.com
973,Edyth,Monks,emonksr0@sphinn.com
974,Alix,Reeks,areeksr1@dmoz.org
975,Issy,Rawet,irawetr2@springer.com
976,Roxane,Shapero,rshaperor3@nih.gov
977,Sonny,Hartlebury,shartleburyr4@homestead.com
978,Prudence,Fellow,pfellowr5@ifeng.com
979,Milton,Stearne,mstearner6@cyberchimps.com
980,Devy,Meenan,dmeenanr7@house.gov
981,Zabrina,Bence,zbencer8@usda.gov
982,Nolly,Gostage,ngostager9@skyrock.com
983,Patrica,Gossington,pgossingtonra@imageshack.us
984,Lynda,de Savery,ldesaveryrb@stumbleupon.com
985,Waring,Gardiner,wgardinerrc@bloomberg.com
986,Manon,Gamlin,mgamlinrd@topsy.com
987,Von,Ellsbury,vellsburyre@msu.edu
988,Alli,Giorgini,agiorginirf@histats.com
989,Pippo,Nowell,pnowellrg@sina.com.cn
990,Neall,Roskell,nroskellrh@amazon.co.jp
991,Hyacintha,Chaudhry,hchaudhryri@google.com
992,Jaquenette,Purdon,jpurdonrj@nba.com
993,Chrissie,Darko,cdarkork@home.pl
994,Sammy,Bayliss,sbaylissrl@lulu.com
995,Gay,Stansell,gstansellrm@house.gov
996,Salomi,Sissot,ssissotrn@dell.com
997,Sigismundo,Wakeham,swakehamro@admin.ch
998,Peria,Dencs,pdencsrp@goo.ne.jp
999,Alena,Yarham,ayarhamrq@is.gd
1000,Cleveland,McGarry,cmcgarryrr@tiny.cc
