id,first_name,last_name,email
1,Lynelle,Raccio,lraccio0@over-blog.com
2,Sheela,Frankowski,sfrankowski1@photobucket.com
3,Colan,Kellie,ckellie2@yahoo.co.jp
4,Virgil,Epton,vepton3@forbes.com
5,Malchy,McKim,mmckim4@dailymail.co.uk
6,Jasmina,Kilmaster,jkilmaster5@loc.gov
7,Josee,Risby,jrisby6@gmpg.org
8,Candie,Jenney,cjenney7@si.edu
9,Em,Di Domenico,edidomenico8@4shared.com
10,Nobie,Matysiak,nmatysiak9@indiatimes.com
11,Koenraad,Greenier,kgreeniera@opera.com
12,Tod,Pattie,tpattieb@xinhuanet.com
13,Orson,Sabberton,osabbertonc@ehow.com
14,Dalila,Lovatt,dlovattd@macromedia.com
15,Ardene,Wade,awadee@hugedomains.com
16,Ofella,Manilo,omanilof@google.fr
17,Josi,Cadagan,jcadagang@globo.com
18,Syman,Crosoer,scrosoerh@wikipedia.org
19,Veronike,Denness,vdennessi@facebook.com
20,Noellyn,McMurthy,nmcmurthyj@webnode.com
21,Chrissy,Sinnett,csinnettk@google.ru
22,Johnathon,Buckmaster,jbuckmasterl@vk.com
23,Olympia,McConnell,omcconnellm@soundcloud.com
24,Eldon,O'Sheeryne,eosheerynen@simplemachines.org
25,Albrecht,Crumley,acrumleyo@w3.org
26,Ansell,Sammon,asammonp@omniture.com
27,Jaynell,Maes,jmaesq@ox.ac.uk
28,Alano,Tomalin,atomalinr@businesswire.com
29,Inger,Gasgarth,igasgarths@google.com.br
30,Kaila,Lawrie,klawriet@umich.edu
31,Aldus,Conachy,aconachyu@ucsd.edu
32,Travers,Snelle,tsnellev@homestead.com
33,Alethea,Francescozzi,afrancescozziw@marriott.com
34,Lyndel,Jaukovic,ljaukovicx@pcworld.com
35,Phillipp,Boeter,pboetery@tripod.com
36,Talbert,Balch,tbalchz@youtube.com
37,Herschel,Hanington,hhanington10@macromedia.com
38,Dwayne,Bhatia,dbhatia11@youtube.com
39,Imogene,Trent,itrent12@diigo.com
40,Erin,Alderman,ealderman13@google.com.br
41,Jordanna,Cossem,jcossem14@bandcamp.com
42,Dacie,Kemp,dkemp15@wikia.com
43,Eleonora,Pioli,epioli16@gizmodo.com
44,Woodrow,Criag,wcriag17@hibu.com
45,Jessy,McLarens,jmclarens18@github.com
46,Drucie,Cunah,dcunah19@baidu.com
47,Ravi,Knewstubb,rknewstubb1a@statcounter.com
48,Ariadne,Drane,adrane1b@typepad.com
49,Thelma,Firidolfi,tfiridolfi1c@g.co
50,Eden,Sheard,esheard1d@constantcontact.com
51,Cristobal,Braund,cbraund1e@dagondesign.com
52,Katine,Bottomer,kbottomer1f@cnn.com
53,Durant,Ruddiman,druddiman1g@exblog.jp
54,Louisa,De Biasi,ldebiasi1h@bloomberg.com
55,Kora,Bartosinski,kbartosinski1i@unesco.org
56,Dacey,Lebel,dlebel1j@dmoz.org
57,Barbra,Olyff,bolyff1k@mail.ru
58,Kore,Bottom,kbottom1l@newyorker.com
59,Karoly,Barkas,kbarkas1m@usda.gov
60,Myer,Fulep,mfulep1n@webs.com
61,Clara,Kearford,ckearford1o@bbc.co.uk
62,Caitrin,Stellin,cstellin1p@nationalgeographic.com
63,Nicolette,O'Coskerry,nocoskerry1q@php.net
64,Bentley,Claybourne,bclaybourne1r@delicious.com
65,Gretta,Furness,gfurness1s@weebly.com
66,Cyndi,Greatex,cgreatex1t@auda.org.au
67,Kally,Fairholme,kfairholme1u@hexun.com
68,Donelle,Rains,drains1v@cornell.edu
69,Abelard,Grigolli,agrigolli1w@intel.com
70,Laurena,Kadwallider,lkadwallider1x@oakley.com
71,Madelene,Riden,mriden1y@prweb.com
72,Lesley,Stronghill,lstronghill1z@last.fm
73,Minny,Vergo,mvergo20@naver.com
74,Lucille,Lalor,llalor21@nasa.gov
75,Sheridan,Myhill,smyhill22@un.org
76,Hildagard,Peschke,hpeschke23@yandex.ru
77,Missy,de Aguirre,mdeaguirre24@house.gov
78,Leigh,Templeton,ltempleton25@example.com
79,Skippie,Traite,straite26@networksolutions.com
80,Marcelle,Mowbury,mmowbury27@illinois.edu
81,Shawn,Wainman,swainman28@live.com
82,Dominga,Sumpter,dsumpter29@mediafire.com
83,Gizela,Debling,gdebling2a@google.co.jp
84,Derril,Vernalls,dvernalls2b@facebook.com
85,Ree,de Castelain,rdecastelain2c@reddit.com
86,Yalonda,Slaght,yslaght2d@nature.com
87,Devin,De Lisle,ddelisle2e@addthis.com
88,Tuck,Meriott,tmeriott2f@sun.com
89,Evangelin,Farrand,efarrand2g@washington.edu
90,Mick,Baggarley,mbaggarley2h@va.gov
91,Lewie,Chomicz,lchomicz2i@nhs.uk
92,Brynne,Littrick,blittrick2j@xinhuanet.com
93,Lorette,Poad,lpoad2k@stumbleupon.com
94,Evelyn,Elliss,eelliss2l@facebook.com
95,Web,Pappi,wpappi2m@sohu.com
96,Thornie,Gannon,tgannon2n@census.gov
97,Felix,Livingstone,flivingstone2o@ed.gov
98,Averell,Stibbs,astibbs2p@edublogs.org
99,Mable,MacCarroll,mmaccarroll2q@nps.gov
100,Nolly,Purrier,npurrier2r@so-net.ne.jp
101,Bucky,Bibby,bbibby2s@tuttocitta.it
102,Norine,Appleford,nappleford2t@google.co.uk
103,Sissy,Pavett,spavett2u@theglobeandmail.com
104,Arley,Brattell,abrattell2v@msu.edu
105,Adelheid,Moyles,amoyles2w@bigcartel.com
106,Hansiain,Paliser,hpaliser2x@freewebs.com
107,Jori,Shrawley,jshrawley2y@cargocollective.com
108,Bernete,Teasell,bteasell2z@myspace.com
109,Binnie,Delagua,bdelagua30@shareasale.com
110,Vaughan,Petrello,vpetrello31@quantcast.com
111,Cissiee,Alsopp,calsopp32@mtv.com
112,Wittie,Sponton,wsponton33@digg.com
113,Bogey,Tryhorn,btryhorn34@nifty.com
114,Bennie,Hamer,bhamer35@tripod.com
115,Mathilda,De Avenell,mdeavenell36@bloglovin.com
116,Yves,Hebble,yhebble37@mapquest.com
117,Flynn,Birtwistle,fbirtwistle38@usa.gov
118,George,West,gwest39@istockphoto.com
119,Cassaundra,Upson,cupson3a@4shared.com
120,Nelle,Skirvane,nskirvane3b@seesaa.net
121,Charissa,Berni,cberni3c@hao123.com
122,Lorettalorna,Cotherill,lcotherill3d@theglobeandmail.com
123,Midge,Larkins,mlarkins3e@blogspot.com
124,Sebastien,Crafter,scrafter3f@japanpost.jp
125,Giffy,Merrien,gmerrien3g@bigcartel.com
126,Merrile,Neylan,mneylan3h@state.gov
127,Babara,Leverton,bleverton3i@amazon.com
128,Ly,Heber,lheber3j@miitbeian.gov.cn
129,Brendon,Pitcaithley,bpitcaithley3k@huffingtonpost.com
130,Margaretha,Aberdein,maberdein3l@deviantart.com
131,Fidel,Prendergast,fprendergast3m@cornell.edu
132,Christine,Tweedle,ctweedle3n@mapquest.com
133,Dannel,Haitlie,dhaitlie3o@unblog.fr
134,Sibel,MacShirrie,smacshirrie3p@usgs.gov
135,Mitchell,Vasyushkhin,mvasyushkhin3q@t-online.de
136,Ches,Graith,cgraith3r@instagram.com
137,Urbano,Blanchflower,ublanchflower3s@flavors.me
138,Alfie,Faber,afaber3t@sina.com.cn
139,Elvin,Tryhorn,etryhorn3u@miitbeian.gov.cn
140,Charity,Roony,croony3v@patch.com
141,Hale,Almak,halmak3w@typepad.com
142,Obadias,Prestie,oprestie3x@sciencedirect.com
143,Arin,Arkill,aarkill3y@buzzfeed.com
144,Toinette,Mattis,tmattis3z@microsoft.com
145,Rochette,Epperson,repperson40@craigslist.org
146,Kliment,Mungan,kmungan41@utexas.edu
147,Dietrich,Liffey,dliffey42@technorati.com
148,Aarika,Foort,afoort43@goodreads.com
149,Huntington,Vicarey,hvicarey44@mlb.com
150,Kathye,Chatto,kchatto45@cmu.edu
151,Venus,Fountian,vfountian46@technorati.com
152,Selinda,Bonnick,sbonnick47@mayoclinic.com
153,Coretta,Sothern,csothern48@51.la
154,Maje,Oleshunin,moleshunin49@goo.gl
155,Inger,Wellen,iwellen4a@ihg.com
156,Bancroft,Pilsbury,bpilsbury4b@shareasale.com
157,Marybeth,Le Count,mlecount4c@example.com
158,Crissie,Degoy,cdegoy4d@desdev.cn
159,Dee dee,Winscum,dwinscum4e@blogspot.com
160,Inez,Drever,idrever4f@buzzfeed.com
161,Wendy,Ransome,wransome4g@latimes.com
162,Cale,Lynas,clynas4h@ucla.edu
163,Rochella,Andreopolos,randreopolos4i@upenn.edu
164,Merwin,Pegg,mpegg4j@answers.com
165,Max,Goodwin,mgoodwin4k@dmoz.org
166,Issy,Caldwell,icaldwell4l@rediff.com
167,Franky,Bleything,fbleything4m@chronoengine.com
168,Somerset,Marshallsay,smarshallsay4n@theguardian.com
169,Cecelia,Beardshall,cbeardshall4o@baidu.com
170,Hedvig,McEntee,hmcentee4p@businessinsider.com
171,Shayla,Merlin,smerlin4q@ca.gov
172,Xylina,Cashford,xcashford4r@wikipedia.org
173,Yulma,Sifflett,ysifflett4s@ftc.gov
174,Antonie,Blewis,ablewis4t@clickbank.net
175,Cathi,Joost,cjoost4u@mayoclinic.com
176,Greg,Rosso,grosso4v@list-manage.com
177,Elsbeth,Gillman,egillman4w@oaic.gov.au
178,Eli,Emmanueli,eemmanueli4x@goo.gl
179,Astrid,Rubinowicz,arubinowicz4y@sakura.ne.jp
180,Bert,Gingedale,bgingedale4z@cpanel.net
181,Gabriel,Malshinger,gmalshinger50@gnu.org
182,Dannye,Robbins,drobbins51@techcrunch.com
183,Alyss,Childes,achildes52@elegantthemes.com
184,Saxon,Apps,sapps53@blog.com
185,Arch,Alderton,aalderton54@amazonaws.com
186,Gar,Cleaveland,gcleaveland55@nationalgeographic.com
187,Jayme,Hadden,jhadden56@seesaa.net
188,Lyn,Kyneton,lkyneton57@biglobe.ne.jp
189,Andrei,Kobieriecki,akobieriecki58@blogtalkradio.com
190,Wilek,Oswal,woswal59@sciencedirect.com
191,Estele,Mateu,emateu5a@princeton.edu
192,Tallulah,Malins,tmalins5b@barnesandnoble.com
193,Orland,Bullough,obullough5c@home.pl
194,Dania,Pfaff,dpfaff5d@baidu.com
195,Angeline,Valente,avalente5e@bravesites.com
196,Evonne,Sleit,esleit5f@ning.com
197,Derward,Proske,dproske5g@edublogs.org
198,Cathryn,Groucutt,cgroucutt5h@opera.com
199,Melany,Cabble,mcabble5i@sakura.ne.jp
200,Chrissie,Clowney,cclowney5j@instagram.com
201,Renate,Gadd,rgadd5k@opera.com
202,Alfy,Innwood,ainnwood5l@umn.edu
203,Benjamen,Licciardello,blicciardello5m@reddit.com
204,Irma,Treker,itreker5n@aboutads.info
205,Shena,O'Caine,socaine5o@nationalgeographic.com
206,Nanon,Weavill,nweavill5p@icio.us
207,Katlin,Eton,keton5q@reverbnation.com
208,Livy,Janota,ljanota5r@latimes.com
209,Judd,Johnikin,jjohnikin5s@narod.ru
210,Dav,Langcaster,dlangcaster5t@chronoengine.com
211,Hyacintha,Meere,hmeere5u@digg.com
212,Tarrance,Habden,thabden5v@phoca.cz
213,King,McPike,kmcpike5w@nsw.gov.au
214,Cayla,Petroulis,cpetroulis5x@smugmug.com
215,Margy,Colaton,mcolaton5y@parallels.com
216,Antin,Salvati,asalvati5z@wordpress.org
217,Drusie,Pagan,dpagan60@time.com
218,Lewes,Stuckey,lstuckey61@booking.com
219,Gabriele,Bathowe,gbathowe62@123-reg.co.uk
220,Annis,Chittenden,achittenden63@usgs.gov
221,Edouard,Winthrop,ewinthrop64@senate.gov
222,Cash,Guesford,cguesford65@delicious.com
223,Zachary,Brislawn,zbrislawn66@ocn.ne.jp
224,Susanne,Keming,skeming67@berkeley.edu
225,Alasteir,Dicty,adicty68@narod.ru
226,Hunter,Gifford,hgifford69@addtoany.com
227,Irene,Dunnaway,idunnaway6a@paypal.com
228,Henka,Caldicott,hcaldicott6b@example.com
229,Vanya,Jansa,vjansa6c@sogou.com
230,Florencia,Le Claire,fleclaire6d@stumbleupon.com
231,Bobina,Nason,bnason6e@bloglines.com
232,Wesley,Stitt,wstitt6f@jiathis.com
233,Christine,Ingamells,cingamells6g@i2i.jp
234,Meriel,Birkenshaw,mbirkenshaw6h@wix.com
235,Simeon,Duplan,sduplan6i@shareasale.com
236,Lyndsie,Morphew,lmorphew6j@dyndns.org
237,Averil,Jessel,ajessel6k@yahoo.com
238,Shanan,Riches,sriches6l@google.de
239,Packston,Durling,pdurling6m@imageshack.us
240,Austine,Bordessa,abordessa6n@technorati.com
241,Ronna,Rosenfeld,rrosenfeld6o@woothemes.com
242,Valida,Glasner,vglasner6p@photobucket.com
243,Padget,Slimon,pslimon6q@ebay.com
244,Babette,Sealeaf,bsealeaf6r@creativecommons.org
245,John,Deam,jdeam6s@mit.edu
246,Mathias,Melbourne,mmelbourne6t@posterous.com
247,Chelsy,Sharper,csharper6u@goo.ne.jp
248,Winna,Minchindon,wminchindon6v@usatoday.com
249,Caddric,Jost,cjost6w@list-manage.com
250,Catlaina,Dexter,cdexter6x@sciencedaily.com
251,Tore,Giffon,tgiffon6y@senate.gov
252,Roarke,Halmkin,rhalmkin6z@yolasite.com
253,Olympie,Noddings,onoddings70@scientificamerican.com
254,Lind,Colthard,lcolthard71@elegantthemes.com
255,Gratia,Druce,gdruce72@friendfeed.com
256,Emlynne,Clutten,eclutten73@ca.gov
257,Randell,Shepton,rshepton74@ft.com
258,Mannie,McNamee,mmcnamee75@symantec.com
259,Clarke,Sushams,csushams76@github.io
260,Jo-anne,Elderbrant,jelderbrant77@bravesites.com
261,Dollie,Crummy,dcrummy78@rakuten.co.jp
262,Ailey,Soldner,asoldner79@surveymonkey.com
263,Hattie,Giffard,hgiffard7a@hugedomains.com
264,Bronny,Hort,bhort7b@g.co
265,Hill,Simonson,hsimonson7c@thetimes.co.uk
266,Hildagard,Selvester,hselvester7d@woothemes.com
267,Lorin,Attenbrow,lattenbrow7e@hostgator.com
268,Alvie,McAndie,amcandie7f@reddit.com
269,Hilly,Pountain,hpountain7g@patch.com
270,Lynnet,Fisbburne,lfisbburne7h@cbc.ca
271,Payton,Lundie,plundie7i@quantcast.com
272,Arlie,Chetwin,achetwin7j@friendfeed.com
273,Aurie,Dechelle,adechelle7k@merriam-webster.com
274,Minnie,Sudron,msudron7l@apache.org
275,Larisa,Lebbern,llebbern7m@1688.com
276,Murial,Legate,mlegate7n@gravatar.com
277,Elane,Charlo,echarlo7o@goo.ne.jp
278,Randall,Sprosson,rsprosson7p@mail.ru
279,Elberta,Irwin,eirwin7q@prnewswire.com
280,Drona,McKeggie,dmckeggie7r@qq.com
281,Malinda,Partkya,mpartkya7s@epa.gov
282,Myrtice,Petrollo,mpetrollo7t@moonfruit.com
283,Winnie,Tubb,wtubb7u@parallels.com
284,Symon,Hlavecek,shlavecek7v@drupal.org
285,Tyrone,Skyrme,tskyrme7w@over-blog.com
286,Debor,Philott,dphilott7x@domainmarket.com
287,Debbie,Ranscome,dranscome7y@cyberchimps.com
288,Juliann,Bautiste,jbautiste7z@hatena.ne.jp
289,Patty,Bootton,pbootton80@dedecms.com
290,Candie,Amey,camey81@studiopress.com
291,Gratia,Moncrefe,gmoncrefe82@comcast.net
292,Pru,Kingswood,pkingswood83@ocn.ne.jp
293,Iggie,Floyd,ifloyd84@purevolume.com
294,Dame,Cabotto,dcabotto85@flavors.me
295,Danita,Rowthorn,drowthorn86@facebook.com
296,Rikki,Moulds,rmoulds87@princeton.edu
297,Aubree,Brient,abrient88@cbsnews.com
298,Arlan,Mayow,amayow89@creativecommons.org
299,Judah,Guard,jguard8a@slashdot.org
300,Morganica,Thorndale,mthorndale8b@bandcamp.com
301,Zia,Tarbert,ztarbert8c@opensource.org
302,Cristal,Langfat,clangfat8d@umich.edu
303,Reamonn,Cattlow,rcattlow8e@businessweek.com
304,Adams,Dahl,adahl8f@springer.com
305,Fawne,Darnell,fdarnell8g@ustream.tv
306,Malcolm,Benford,mbenford8h@dion.ne.jp
307,Athena,Silkstone,asilkstone8i@livejournal.com
308,Leena,Munnings,lmunnings8j@surveymonkey.com
309,Florrie,Durbin,fdurbin8k@deviantart.com
310,Addia,Bliben,abliben8l@telegraph.co.uk
311,Dewie,Jankiewicz,djankiewicz8m@wufoo.com
312,Aurelie,Arnal,aarnal8n@constantcontact.com
313,Rea,Epilet,repilet8o@seesaa.net
314,Ninetta,Tumbelty,ntumbelty8p@redcross.org
315,Laurie,Zarfat,lzarfat8q@moonfruit.com
316,Teodor,Cassell,tcassell8r@dailymotion.com
317,Lon,Delgardillo,ldelgardillo8s@time.com
318,Erasmus,Reboulet,ereboulet8t@rediff.com
319,Mariquilla,Doble,mdoble8u@cmu.edu
320,Nanette,Brazenor,nbrazenor8v@diigo.com
321,Ros,Trodd,rtrodd8w@godaddy.com
322,Tadeo,Januszkiewicz,tjanuszkiewicz8x@privacy.gov.au
323,Joell,Oppery,joppery8y@berkeley.edu
324,Fidelity,Braitling,fbraitling8z@yellowbook.com
325,Deva,Slorach,dslorach90@quantcast.com
326,Susanetta,Glentz,sglentz91@yandex.ru
327,Osmond,Clute,oclute92@businesswire.com
328,Caye,Snartt,csnartt93@cornell.edu
329,Boony,Goshawke,bgoshawke94@miitbeian.gov.cn
330,Stanly,O'Fallon,sofallon95@mediafire.com
331,Nani,Abercrombie,nabercrombie96@usda.gov
332,Steffane,Gooly,sgooly97@ucoz.ru
333,Tiler,Reyner,treyner98@time.com
334,Gallagher,Sifflett,gsifflett99@hud.gov
335,Ros,Vaneschi,rvaneschi9a@meetup.com
336,Kakalina,Fydoe,kfydoe9b@networkadvertising.org
337,Dierdre,Pinchin,dpinchin9c@nature.com
338,Rolfe,Wearing,rwearing9d@dropbox.com
339,Dugald,Wigan,dwigan9e@yale.edu
340,Aubry,Lacknor,alacknor9f@ftc.gov
341,Devland,Scyner,dscyner9g@mozilla.org
342,Laney,Heinreich,lheinreich9h@wired.com
343,Belva,Ingham,bingham9i@taobao.com
344,Lonna,Scawen,lscawen9j@indiatimes.com
345,Aubrie,De Domenicis,adedomenicis9k@qq.com
346,Byron,Goodwill,bgoodwill9l@thetimes.co.uk
347,Gerianne,Velden,gvelden9m@a8.net
348,Tedie,Baudouin,tbaudouin9n@4shared.com
349,Cariotta,Radden,cradden9o@nydailynews.com
350,Amelita,Meneux,ameneux9p@netvibes.com
351,Essy,Lydon,elydon9q@arstechnica.com
352,Filippa,Windous,fwindous9r@mtv.com
353,Carce,Haensel,chaensel9s@disqus.com
354,Velvet,Giacoboni,vgiacoboni9t@gnu.org
355,Nikolai,Ramelet,nramelet9u@symantec.com
356,Rana,Tinston,rtinston9v@yale.edu
357,Arron,Dunleavy,adunleavy9w@goo.gl
358,Lanny,Rawes,lrawes9x@nhs.uk
359,Ariela,Dwelley,adwelley9y@amazon.co.uk
360,Daniela,Tindle,dtindle9z@lycos.com
361,Remy,Kennan,rkennana0@clickbank.net
362,Joice,O'Shiel,joshiela1@studiopress.com
363,Ignacius,Vowells,ivowellsa2@ed.gov
364,Rivalee,Marrow,rmarrowa3@disqus.com
365,Greta,Killgus,gkillgusa4@feedburner.com
366,Rosetta,Bothams,rbothamsa5@whitehouse.gov
367,Rudolfo,Boadby,rboadbya6@instagram.com
368,Nancie,Burrus,nburrusa7@mozilla.com
369,Teri,Sheed,tsheeda8@furl.net
370,Eleanor,Beak,ebeaka9@phoca.cz
371,Hunfredo,Callam,hcallamaa@blogspot.com
372,Conni,Delahunty,cdelahuntyab@google.com.au
373,Roobbie,Georgescu,rgeorgescuac@imageshack.us
374,Benedicta,Cobleigh,bcobleighad@europa.eu
375,Tannie,Feander,tfeanderae@hibu.com
376,Dari,Jeram,djeramaf@sina.com.cn
377,Abe,McGifford,amcgiffordag@aol.com
378,Nanete,Humfrey,nhumfreyah@vkontakte.ru
379,Averell,Chown,achownai@topsy.com
380,Cora,Lambin,clambinaj@taobao.com
381,Carr,Dangl,cdanglak@washington.edu
382,Darin,Brothwood,dbrothwoodal@va.gov
383,Henryetta,Garvin,hgarvinam@ehow.com
384,Inessa,O'Reilly,ioreillyan@twitpic.com
385,Loy,Lansdale,llansdaleao@webnode.com
386,Agathe,Cadwaladr,acadwaladrap@istockphoto.com
387,Tomas,Horder,thorderaq@craigslist.org
388,Shaina,Josskowitz,sjosskowitzar@pagesperso-orange.fr
389,Marti,St. Louis,mstlouisas@nsw.gov.au
390,Valma,Gronauer,vgronauerat@sciencedirect.com
391,Aron,Mander,amanderau@imageshack.us
392,Hetty,Steptoe,hsteptoeav@nyu.edu
393,Kendra,Convery,kconveryaw@chron.com
394,Wanda,Saxton,wsaxtonax@addthis.com
395,Conn,Nagle,cnagleay@hc360.com
396,Estrellita,Clinning,eclinningaz@naver.com
397,Gusti,Coope,gcoopeb0@narod.ru
398,Iormina,Brisco,ibriscob1@umich.edu
399,Martino,Collomosse,mcollomosseb2@guardian.co.uk
400,Loreen,Sisley,lsisleyb3@etsy.com
401,Rheta,Gittose,rgittoseb4@netvibes.com
402,Elysee,Andrewartha,eandrewarthab5@cdc.gov
403,Florie,Napolitano,fnapolitanob6@un.org
404,Leonanie,Vescovini,lvescovinib7@homestead.com
405,Aloysius,Jaquemar,ajaquemarb8@cdbaby.com
406,Sonni,Scirman,sscirmanb9@simplemachines.org
407,Zelig,Klimschak,zklimschakba@ed.gov
408,Constantina,Urlin,curlinbb@friendfeed.com
409,Janetta,Lyvon,jlyvonbc@yale.edu
410,Dayna,Simoni,dsimonibd@issuu.com
411,Luke,Bowles,lbowlesbe@163.com
412,Raddy,Twiggs,rtwiggsbf@wunderground.com
413,Lowe,Gundrey,lgundreybg@squarespace.com
414,Richardo,Jillins,rjillinsbh@baidu.com
415,Iver,Arger,iargerbi@reddit.com
416,Aveline,Foreman,aforemanbj@bloglines.com
417,Axel,Pedron,apedronbk@imdb.com
418,Stanwood,Agott,sagottbl@ameblo.jp
419,Ricki,Leades,rleadesbm@tmall.com
420,Blinny,Gristhwaite,bgristhwaitebn@surveymonkey.com
421,Karin,Maestrini,kmaestrinibo@exblog.jp
422,Elena,Steeples,esteeplesbp@epa.gov
423,Putnem,Van Velde,pvanveldebq@yale.edu
424,Tad,Bradie,tbradiebr@plala.or.jp
425,Loralyn,Spyby,lspybybs@who.int
426,Vyky,Earengey,vearengeybt@smh.com.au
427,Sheppard,Cosh,scoshbu@adobe.com
428,Hanan,Mainwaring,hmainwaringbv@clickbank.net
429,Morley,Parlatt,mparlattbw@google.ru
430,Ashien,Faulconbridge,afaulconbridgebx@blinklist.com
431,Delilah,Bunce,dbunceby@jugem.jp
432,Willey,Berrigan,wberriganbz@sakura.ne.jp
433,Vilhelmina,Atger,vatgerc0@macromedia.com
434,Christin,Piscotti,cpiscottic1@dagondesign.com
435,Jacquenette,Whittleton,jwhittletonc2@mayoclinic.com
436,Robinson,Toppes,rtoppesc3@scribd.com
437,Tudor,Sparrowhawk,tsparrowhawkc4@newsvine.com
438,Gunter,Margrie,gmargriec5@gov.uk
439,Alessandro,Foulsham,afoulshamc6@webeden.co.uk
440,Panchito,Yare,pyarec7@foxnews.com
441,Waldon,Linklet,wlinkletc8@ebay.com
442,Therese,Milroy,tmilroyc9@wunderground.com
443,Dorelia,L'Archer,dlarcherca@wikia.com
444,Arluene,Giannoni,agiannonicb@networksolutions.com
445,Bryanty,Rowsell,browsellcc@typepad.com
446,Harri,Clynmans,hclynmanscd@bbc.co.uk
447,Frazier,Bonallack,fbonallackce@altervista.org
448,D'arcy,Valencia,dvalenciacf@cnbc.com
449,Hugh,Ellams,hellamscg@un.org
450,Kellina,Kettles,kkettlesch@toplist.cz
451,Liuka,Fearnside,lfearnsideci@taobao.com
452,Zonnya,Kerrigan,zkerrigancj@ed.gov
453,Hedy,Ghiraldi,hghiraldick@elegantthemes.com
454,Nanci,Reichardt,nreichardtcl@printfriendly.com
455,Loni,Samarth,lsamarthcm@twitter.com
456,Louis,Kochel,lkochelcn@discuz.net
457,Niall,Beards,nbeardsco@technorati.com
458,Julienne,Thomasen,jthomasencp@usatoday.com
459,Erny,Robb,erobbcq@aboutads.info
460,Eleanora,Milkeham,emilkehamcr@prlog.org
461,Lesya,Baglow,lbaglowcs@unc.edu
462,Benita,Arndt,barndtct@usda.gov
463,Lucho,Studde,lstuddecu@hostgator.com
464,Roger,Manis,rmaniscv@edublogs.org
465,Kariotta,Coultas,kcoultascw@bloglines.com
466,Casandra,Glentworth,cglentworthcx@engadget.com
467,Silvana,Wealthall,swealthallcy@alibaba.com
468,Kessia,Ferro,kferrocz@altervista.org
469,Muhammad,Ryton,mrytond0@istockphoto.com
470,Jere,Gerty,jgertyd1@upenn.edu
471,Shandeigh,Bortoloni,sbortolonid2@sfgate.com
472,Brent,Clemendot,bclemendotd3@people.com.cn
473,Mill,Littleton,mlittletond4@51.la
474,Loise,Strangeway,lstrangewayd5@ifeng.com
475,Enid,Pool,epoold6@furl.net
476,Cathyleen,Windeatt,cwindeattd7@123-reg.co.uk
477,Dolorita,Niese,dniesed8@howstuffworks.com
478,Hedy,Kristoffersson,hkristofferssond9@utexas.edu
479,Cody,Pepperill,cpepperillda@linkedin.com
480,Constance,Snoxell,csnoxelldb@abc.net.au
481,Candi,Maccari,cmaccaridc@whitehouse.gov
482,Franny,Collip,fcollipdd@shutterfly.com
483,Maurise,Firbanks,mfirbanksde@arstechnica.com
484,Nollie,Futty,nfuttydf@pinterest.com
485,Cory,Gerding,cgerdingdg@github.io
486,Maia,Broadley,mbroadleydh@go.com
487,Angelo,Canizares,acanizaresdi@discovery.com
488,Anjela,Dickenson,adickensondj@reddit.com
489,Estelle,MacGill,emacgilldk@istockphoto.com
490,Lewes,Ritter,lritterdl@time.com
491,Di,Abram,dabramdm@taobao.com
492,Elsi,Bawcock,ebawcockdn@delicious.com
493,Silas,Biasini,sbiasinido@mayoclinic.com
494,Orville,Rablen,orablendp@state.gov
495,Faber,Burgon,fburgondq@biglobe.ne.jp
496,Pearl,Hayball,phayballdr@hexun.com
497,Boot,Tow,btowds@storify.com
498,Di,Thalmann,dthalmanndt@wordpress.com
499,Bjorn,Dolton,bdoltondu@google.com.br
500,Aldridge,Dowers,adowersdv@ca.gov
501,Colver,Rutty,cruttydw@ftc.gov
502,Lazare,Hierro,lhierrodx@about.com
503,Otis,Mora,omorady@hostgator.com
504,Feliks,Guild,fguilddz@cbslocal.com
505,Byram,Caudrelier,bcaudreliere0@apache.org
506,Rogers,Brydell,rbrydelle1@altervista.org
507,Jerrome,Houldin,jhouldine2@theglobeandmail.com
508,Rafe,Atkirk,ratkirke3@sohu.com
509,Rosana,Paolozzi,rpaolozzie4@wunderground.com
510,Helaina,Muro,hmuroe5@archive.org
511,Genia,McGilben,gmcgilbene6@sciencedaily.com
512,Louie,Cramp,lcrampe7@amazon.de
513,Marylee,Mongin,mmongine8@is.gd
514,Carri,Hews,chewse9@free.fr
515,Nancy,Ratt,nrattea@webeden.co.uk
516,Pierre,Blankett,pblanketteb@canalblog.com
517,Juliette,Farress,jfarressec@networksolutions.com
518,Willi,Domerq,wdomerqed@nyu.edu
519,Perrine,Courtier,pcourtieree@elpais.com
520,Gerianne,Spurryer,gspurryeref@washington.edu
521,Astrid,Fryett,afryetteg@shinystat.com
522,Bevon,Farre,bfarreeh@tripadvisor.com
523,Vevay,Wilprecht,vwilprechtei@jigsy.com
524,Vanny,Hoyland,vhoylandej@springer.com
525,Cathyleen,Burgott,cburgottek@geocities.jp
526,Steffane,Grinikhinov,sgrinikhinovel@japanpost.jp
527,Demetris,Cudby,dcudbyem@geocities.jp
528,Sax,Carlone,scarloneen@virginia.edu
529,Zolly,Doelle,zdoelleeo@imageshack.us
530,Greta,McSorley,gmcsorleyep@bloomberg.com
531,Gabbi,Clooney,gclooneyeq@chicagotribune.com
532,Ally,Erwin,aerwiner@google.com
533,Patrica,Thurston,pthurstones@weibo.com
534,Enrique,Goldis,egoldiset@wikipedia.org
535,Tymothy,Giannazzo,tgiannazzoeu@businesswire.com
536,Bill,Shenfisch,bshenfischev@ft.com
537,Hyman,Younghusband,hyounghusbandew@slideshare.net
538,Ozzie,Rudgley,orudgleyex@tiny.cc
539,Yehudit,Barkly,ybarklyey@i2i.jp
540,Jaimie,Abrams,jabramsez@hostgator.com
541,Agneta,Roslen,aroslenf0@netlog.com
542,Henka,Stoodley,hstoodleyf1@twitpic.com
543,Clair,Szapiro,cszapirof2@example.com
544,Gladi,Hing,ghingf3@imageshack.us
545,Catriona,O'Currane,cocurranef4@seattletimes.com
546,Briney,Thrussell,bthrussellf5@privacy.gov.au
547,Jeremie,Craigg,jcraiggf6@mail.ru
548,Rawley,Garside,rgarsidef7@baidu.com
549,Lexy,Colbridge,lcolbridgef8@yahoo.com
550,Goldy,Collick,gcollickf9@hao123.com
551,Heida,Ledley,hledleyfa@lulu.com
552,Bastien,Arsey,barseyfb@themeforest.net
553,Yard,Hammarberg,yhammarbergfc@nasa.gov
554,Borg,Vowdon,bvowdonfd@ucla.edu
555,Karon,Stonman,kstonmanfe@tamu.edu
556,Gerda,Topliss,gtoplissff@people.com.cn
557,Reggis,Verma,rvermafg@archive.org
558,Heddi,Crickett,hcrickettfh@typepad.com
559,Tabbitha,Simcox,tsimcoxfi@nydailynews.com
560,Persis,Crocetto,pcrocettofj@irs.gov
561,Bucky,Allery,balleryfk@spotify.com
562,Nannie,Forman,nformanfl@netscape.com
563,Norry,Paty,npatyfm@amazon.co.uk
564,Paulo,Bridgement,pbridgementfn@quantcast.com
565,Angelique,Kall,akallfo@yandex.ru
566,Malvin,Yeardsley,myeardsleyfp@cbc.ca
567,Eberto,Hamsson,ehamssonfq@a8.net
568,Francklyn,MacGaughey,fmacgaugheyfr@theatlantic.com
569,Shaun,Chiese,schiesefs@house.gov
570,Kelcy,MacGiolla Pheadair,kmacgiollapheadairft@phoca.cz
571,Consuela,Lorrimer,clorrimerfu@wikimedia.org
572,Issie,Wintour,iwintourfv@soup.io
573,Gerhardt,Fuzzard,gfuzzardfw@shareasale.com
574,Shurlock,Jovis,sjovisfx@alexa.com
575,Ansley,De Winton,adewintonfy@hexun.com
576,Cosimo,Fairlam,cfairlamfz@blinklist.com
577,Kevyn,Eccleston,kecclestong0@e-recht24.de
578,Diana,Mushart,dmushartg1@desdev.cn
579,Currey,Favey,cfaveyg2@examiner.com
580,Teodora,O'Dunniom,todunniomg3@vkontakte.ru
581,Red,Silversmid,rsilversmidg4@tripod.com
582,Analiese,Birtle,abirtleg5@delicious.com
583,Lacee,Munns,lmunnsg6@bbb.org
584,Kenna,Allkins,kallkinsg7@theguardian.com
585,Boote,Chatt,bchattg8@shareasale.com
586,Bertha,Glendzer,bglendzerg9@newyorker.com
587,Elli,Flintoff,eflintoffga@google.cn
588,Olva,Banfield,obanfieldgb@indiatimes.com
589,Karina,Goligly,kgoliglygc@ocn.ne.jp
590,Corilla,Tellenbroker,ctellenbrokergd@cnn.com
591,Elke,Broodes,ebroodesge@tmall.com
592,Torey,Buckell,tbuckellgf@comsenz.com
593,Lynnell,Ahern,laherngg@npr.org
594,Glennis,Lampke,glampkegh@globo.com
595,Sheila,Dockerty,sdockertygi@people.com.cn
596,Eleanor,De Cristoforo,edecristoforogj@weather.com
597,Isabel,Bearham,ibearhamgk@tamu.edu
598,Pansie,Consterdine,pconsterdinegl@nbcnews.com
599,Jonell,Baggaley,jbaggaleygm@gmpg.org
600,Winne,Rowsel,wrowselgn@smugmug.com
601,Rosaline,Ryce,rrycego@tmall.com
602,Rudolph,Coutthart,rcoutthartgp@ning.com
603,Doll,Geillier,dgeilliergq@meetup.com
604,Evvie,Shurrocks,eshurrocksgr@wordpress.com
605,Ebenezer,Hoogendorp,ehoogendorpgs@friendfeed.com
606,Aloysius,Mattaser,amattasergt@boston.com
607,Gerianna,Casarini,gcasarinigu@ifeng.com
608,Eadith,Chiswell,echiswellgv@mashable.com
609,Dyanne,Hubbocks,dhubbocksgw@chron.com
610,Arney,MacBarron,amacbarrongx@mapy.cz
611,Clary,Winram,cwinramgy@earthlink.net
612,Dana,Astling,dastlinggz@blinklist.com
613,Antony,Kilduff,akilduffh0@miibeian.gov.cn
614,Lorita,Ogles,loglesh1@toplist.cz
615,Sheilakathryn,Barus,sbarush2@bbc.co.uk
616,Gerianna,Golder,ggolderh3@mail.ru
617,Casper,Stallibrass,cstallibrassh4@cbc.ca
618,Ansel,Persian,apersianh5@epa.gov
619,Chas,Spering,csperingh6@flavors.me
620,Welch,Ripley,wripleyh7@g.co
621,Bellanca,Di Ruggiero,bdiruggieroh8@tripod.com
622,Hillard,Wagerfield,hwagerfieldh9@i2i.jp
623,Nolly,Paviour,npaviourha@wsj.com
624,Georgiana,How,ghowhb@soup.io
625,Shirley,Hedling,shedlinghc@clickbank.net
626,Dulcia,Cotgrave,dcotgravehd@reverbnation.com
627,Tad,Mateja,tmatejahe@qq.com
628,Abbye,Tregonna,atregonnahf@ameblo.jp
629,Janenna,Lucius,jluciushg@usgs.gov
630,Washington,Freathy,wfreathyhh@sogou.com
631,Freeman,Ruggen,fruggenhi@soundcloud.com
632,Fran,Scourge,fscourgehj@mozilla.com
633,Mariquilla,Ickovitz,mickovitzhk@merriam-webster.com
634,Theda,Dunsmuir,tdunsmuirhl@pagesperso-orange.fr
635,Jaquelin,Antecki,janteckihm@google.ca
636,Hortensia,Vandrill,hvandrillhn@mail.ru
637,Hoyt,McGuirk,hmcguirkho@icio.us
638,Jorie,Daouze,jdaouzehp@1688.com
639,Tandi,Gilliam,tgilliamhq@360.cn
640,Terrel,Pietzker,tpietzkerhr@networkadvertising.org
641,Misha,Pordall,mpordallhs@studiopress.com
642,Micki,Eeles,meelesht@hostgator.com
643,Wyndham,Krzyzowski,wkrzyzowskihu@dailymail.co.uk
644,Martguerita,Szymonwicz,mszymonwiczhv@whitehouse.gov
645,Konstantin,Godmar,kgodmarhw@technorati.com
646,Wynn,Gooden,wgoodenhx@jalbum.net
647,Barbette,Powelee,bpoweleehy@ucsd.edu
648,Margie,Kellet,mkellethz@seattletimes.com
649,Iggy,Giacobo,igiacoboi0@soundcloud.com
650,Sarajane,Matkin,smatkini1@house.gov
651,Malvin,Schiell,mschielli2@photobucket.com
652,Gretna,Feirn,gfeirni3@who.int
653,Fran,Kepe,fkepei4@gov.uk
654,Blinni,Minear,bmineari5@google.pl
655,Winnie,Pyett,wpyetti6@weibo.com
656,Laurens,Crozier,lcrozieri7@sphinn.com
657,Sascha,Hussy,shussyi8@sphinn.com
658,Jarib,Cowern,jcowerni9@un.org
659,Normy,Shoebridge,nshoebridgeia@aboutads.info
660,Tamra,Whyman,twhymanib@google.co.uk
661,Charlene,Rivenzon,crivenzonic@sourceforge.net
662,Xever,Hymas,xhymasid@google.co.uk
663,Conroy,Gadaud,cgadaudie@cafepress.com
664,Timmi,Denekamp,tdenekampif@bloomberg.com
665,Karlotta,Braddock,kbraddockig@addthis.com
666,Yevette,Paur,ypaurih@samsung.com
667,Brunhilda,Shorto,bshortoii@cmu.edu
668,Ki,De Bernardis,kdebernardisij@histats.com
669,Ranna,Tute,rtuteik@npr.org
670,Tamarah,Ulyatt,tulyattil@microsoft.com
671,Constanta,Rosebotham,crosebothamim@umich.edu
672,Eolanda,Tenant,etenantin@squidoo.com
673,Hinze,Iston,histonio@indiegogo.com
674,Athene,Rawlcliffe,arawlcliffeip@si.edu
675,Dud,Dubois,dduboisiq@wisc.edu
676,Sigmund,Eagleston,seaglestonir@who.int
677,Virginie,Rannie,vrannieis@xrea.com
678,Judith,Bellamy,jbellamyit@cloudflare.com
679,Hyacinthe,Grimbaldeston,hgrimbaldestoniu@ucsd.edu
680,Hilda,Marmion,hmarmioniv@gov.uk
681,Nestor,Lovatt,nlovattiw@stumbleupon.com
682,Hendrick,Gwillym,hgwillymix@odnoklassniki.ru
683,Jonathan,Youens,jyouensiy@tamu.edu
684,Artur,Brigman,abrigmaniz@163.com
685,Mickie,Eustanch,meustanchj0@jugem.jp
686,Felice,Alston,falstonj1@macromedia.com
687,Elspeth,Vooght,evooghtj2@theguardian.com
688,Roselin,Kleiser,rkleiserj3@ihg.com
689,Berget,Colgrave,bcolgravej4@wp.com
690,Rurik,Castagnier,rcastagnierj5@booking.com
691,Rory,Corcoran,rcorcoranj6@last.fm
692,Harley,Davisson,hdavissonj7@bbb.org
693,Whitaker,Creaney,wcreaneyj8@alexa.com
694,Cherilyn,Peascod,cpeascodj9@ibm.com
695,Halley,Kytley,hkytleyja@youtube.com
696,Jehu,Chapple,jchapplejb@domainmarket.com
697,Izzy,Thews,ithewsjc@hao123.com
698,Leroi,Bickerstaffe,lbickerstaffejd@hugedomains.com
699,Zorina,Leeke,zleekeje@merriam-webster.com
700,Dunstan,Davidzon,ddavidzonjf@over-blog.com
701,Indira,Rickword,irickwordjg@vimeo.com
702,Tabbi,Januszewski,tjanuszewskijh@sitemeter.com
703,Nicko,Robillart,nrobillartji@privacy.gov.au
704,Alisander,Birtwell,abirtwelljj@miitbeian.gov.cn
705,Lind,Hoofe,lhoofejk@army.mil
706,Brandon,Overpool,boverpooljl@phoca.cz
707,Olympia,Radband,oradbandjm@dailymail.co.uk
708,Electra,Spreag,espreagjn@japanpost.jp
709,Ara,Buggy,abuggyjo@github.io
710,Deane,Peterson,dpetersonjp@geocities.jp
711,Cesya,Pummery,cpummeryjq@hp.com
712,Camellia,Berens,cberensjr@upenn.edu
713,Emalee,Helix,ehelixjs@shareasale.com
714,Avrit,Wynter,awynterjt@businesswire.com
715,Orsola,Muckle,omuckleju@wp.com
716,Ebba,Elis,eelisjv@reddit.com
717,Bastian,Stranio,bstraniojw@walmart.com
718,Fabian,Ginsie,fginsiejx@businesswire.com
719,Leta,Blaza,lblazajy@ihg.com
720,Allie,de Najera,adenajerajz@surveymonkey.com
721,Kaspar,Brownscombe,kbrownscombek0@free.fr
722,Joell,Iacobacci,jiacobaccik1@hp.com
723,Cindy,O'Rudden,coruddenk2@yelp.com
724,Tomi,Elvins,telvinsk3@dion.ne.jp
725,Elora,Moodey,emoodeyk4@hibu.com
726,Wilona,Sone,wsonek5@tiny.cc
727,Ethe,Tague,etaguek6@dailymotion.com
728,Ware,Shillington,wshillingtonk7@ifeng.com
729,Kimbra,Tupling,ktuplingk8@webmd.com
730,Jeromy,Trotman,jtrotmank9@vkontakte.ru
731,Daile,Strathdee,dstrathdeeka@cnet.com
732,Almeda,Mees,ameeskb@state.tx.us
733,Rutter,Corris,rcorriskc@mayoclinic.com
734,Miguela,Clink,mclinkkd@wordpress.com
735,Prudi,McHaffy,pmchaffyke@deviantart.com
736,Gwyn,Sallenger,gsallengerkf@hibu.com
737,Annadiane,Bouller,aboullerkg@marketwatch.com
738,Walliw,Desvignes,wdesvigneskh@mapquest.com
739,Ellissa,Palfreyman,epalfreymanki@ebay.com
740,Lilian,Girone,lgironekj@seattletimes.com
741,Norry,Edlin,nedlinkk@rediff.com
742,Boony,Bonner,bbonnerkl@networksolutions.com
743,Antonino,Mc Menamin,amcmenaminkm@1688.com
744,Babs,Sussems,bsussemskn@vkontakte.ru
745,Bernhard,Keene,bkeeneko@desdev.cn
746,Oona,Jovis,ojoviskp@fda.gov
747,Diane-marie,Lude,dludekq@google.cn
748,Leon,Cassell,lcassellkr@ibm.com
749,Hartley,Crielly,hcriellyks@army.mil
750,Ernest,Haggett,ehaggettkt@elpais.com
751,Adelaide,Kale,akaleku@dailymotion.com
752,Randa,Legon,rlegonkv@nps.gov
753,Hewett,Filinkov,hfilinkovkw@mlb.com
754,Marylee,Hefferan,mhefferankx@livejournal.com
755,Lauryn,Pettman,lpettmanky@tamu.edu
756,Linzy,Lyte,llytekz@slideshare.net
757,Papageno,Pitbladdo,ppitbladdol0@domainmarket.com
758,Natalina,MacAndie,nmacandiel1@devhub.com
759,Priscella,Fitzroy,pfitzroyl2@blogs.com
760,Georgetta,MacFayden,gmacfaydenl3@ftc.gov
761,Patrizius,Pieroni,ppieronil4@fema.gov
762,Emalee,Havers,ehaversl5@squidoo.com
763,Julienne,Francklyn,jfrancklynl6@dmoz.org
764,Isabelle,Nusche,inuschel7@bloomberg.com
765,Bevan,Emilien,bemilienl8@themeforest.net
766,Fiorenze,Pedrozzi,fpedrozzil9@comcast.net
767,Fletch,Nealon,fnealonla@list-manage.com
768,Berny,Fidian,bfidianlb@google.com
769,Tom,Winterscale,twinterscalelc@bizjournals.com
770,Zenia,Duckers,zduckersld@plala.or.jp
771,Ilsa,Bingham,ibinghamle@nbcnews.com
772,Archambault,Caistor,acaistorlf@whitehouse.gov
773,Andreana,Blakely,ablakelylg@epa.gov
774,Archer,Emmert,aemmertlh@blogtalkradio.com
775,Norton,Gabe,ngabeli@apple.com
776,Walliw,Turpey,wturpeylj@quantcast.com
777,Iormina,Heijnen,iheijnenlk@amazon.de
778,Elisabet,Osband,eosbandll@desdev.cn
779,Deeann,Pruce,dprucelm@people.com.cn
780,Hannah,Hadrill,hhadrillln@springer.com
781,Leanor,Wicks,lwickslo@sciencedirect.com
782,Mellisa,Fulop,mfuloplp@miibeian.gov.cn
783,Erhart,Dewberry,edewberrylq@vinaora.com
784,Cristian,Tompion,ctompionlr@amazon.co.uk
785,Casie,Couth,ccouthls@google.ca
786,Chico,Cutts,ccuttslt@mac.com
787,Brandy,Gemlett,bgemlettlu@patch.com
788,Ebony,Faherty,efahertylv@taobao.com
789,Dylan,Hasel,dhasellw@newsvine.com
790,Leontyne,Ealam,lealamlx@domainmarket.com
791,Octavia,Lashley,olashleyly@about.com
792,Delphinia,Heathwood,dheathwoodlz@sitemeter.com
793,Shela,Kinson,skinsonm0@list-manage.com
794,Nicoli,Botting,nbottingm1@lycos.com
795,Rob,Vost,rvostm2@soundcloud.com
796,Gabie,Bigadike,gbigadikem3@va.gov
797,Charlotte,Dyster,cdysterm4@zdnet.com
798,Audi,Stobart,astobartm5@xrea.com
799,Katy,Cessford,kcessfordm6@gmpg.org
800,Ulberto,Codeman,ucodemanm7@blogtalkradio.com
801,Leonie,Lewton,llewtonm8@ning.com
802,Craig,McCardle,cmccardlem9@usa.gov
803,Adel,Lucio,alucioma@opensource.org
804,Anthe,Beddo,abeddomb@constantcontact.com
805,Lolly,Barfford,lbarffordmc@pinterest.com
806,Sonia,Chastaing,schastaingmd@blogger.com
807,Daryl,Terrelly,dterrellyme@oakley.com
808,Jada,Wiggins,jwigginsmf@gov.uk
809,Nobe,Hawkeridge,nhawkeridgemg@wired.com
810,Dierdre,Danes,ddanesmh@cdc.gov
811,Salli,Stollwerck,sstollwerckmi@i2i.jp
812,Bev,Judron,bjudronmj@gravatar.com
813,Nerty,Iacovone,niacovonemk@miitbeian.gov.cn
814,Christie,Fitzsymons,cfitzsymonsml@ed.gov
815,Nye,Greenfield,ngreenfieldmm@buzzfeed.com
816,Thaine,Juszkiewicz,tjuszkiewiczmn@constantcontact.com
817,Gilda,Solland,gsollandmo@instagram.com
818,Jessika,Banaszczyk,jbanaszczykmp@adobe.com
819,Raynard,Covelle,rcovellemq@xing.com
820,Gustavo,Myatt,gmyattmr@alibaba.com
821,Mano,Dudden,mduddenms@plala.or.jp
822,Solly,Ordidge,sordidgemt@state.gov
823,Jeri,Chidzoy,jchidzoymu@nba.com
824,Caroline,Frayne,cfraynemv@foxnews.com
825,Korney,Matuschek,kmatuschekmw@yolasite.com
826,Burtie,Daintier,bdaintiermx@cam.ac.uk
827,Kimberley,McKinie,kmckiniemy@histats.com
828,Dick,Lighten,dlightenmz@webeden.co.uk
829,Caryn,Amis,camisn0@google.de
830,Jobey,Gaynor,jgaynorn1@parallels.com
831,Zackariah,Bagg,zbaggn2@google.com
832,Viv,Haywood,vhaywoodn3@ebay.co.uk
833,Tara,Cumberland,tcumberlandn4@youku.com
834,Mireielle,Ramm,mrammn5@telegraph.co.uk
835,Rube,Oliveras,roliverasn6@cloudflare.com
836,Meredeth,Gritsaev,mgritsaevn7@archive.org
837,Lorie,Hunnam,lhunnamn8@cisco.com
838,Hillie,Merwede,hmerweden9@patch.com
839,Amabel,MacPherson,amacphersonna@youtu.be
840,Paige,Shyram,pshyramnb@wordpress.org
841,Baird,Forte,bfortenc@utexas.edu
842,Mannie,Hucks,mhucksnd@taobao.com
843,Melisenda,Trevorrow,mtrevorrowne@tripadvisor.com
844,Ina,Pidon,ipidonnf@histats.com
845,Jenilee,Arendsen,jarendsenng@miitbeian.gov.cn
846,Domini,Doxsey,ddoxseynh@geocities.com
847,Dimitry,Lauridsen,dlauridsenni@last.fm
848,Anthiathia,Cecere,acecerenj@google.nl
849,Ben,Imesson,bimessonnk@virginia.edu
850,Eveline,Newbold,enewboldnl@cam.ac.uk
851,Goldy,Housecroft,ghousecroftnm@walmart.com
852,Shandeigh,Eveleigh,seveleighnn@networkadvertising.org
853,Inger,Oxshott,ioxshottno@t-online.de
854,Ashlin,Ceccoli,aceccolinp@time.com
855,Elana,Tattersill,etattersillnq@nyu.edu
856,Larisa,Bramham,lbramhamnr@wunderground.com
857,Magda,Younie,myouniens@rediff.com
858,Katine,Ebbings,kebbingsnt@princeton.edu
859,Mickie,Caudell,mcaudellnu@google.nl
860,Quintilla,Patesel,qpateselnv@ocn.ne.jp
861,Piotr,Battye,pbattyenw@phoca.cz
862,Kay,MacTerrelly,kmacterrellynx@altervista.org
863,Malynda,Pietrzyk,mpietrzykny@newyorker.com
864,Dix,Bikker,dbikkernz@e-recht24.de
865,Frayda,Spyvye,fspyvyeo0@domainmarket.com
866,Roarke,Augustine,raugustineo1@gmpg.org
867,Ambur,Denyakin,adenyakino2@hugedomains.com
868,Pat,Morse,pmorseo3@dyndns.org
869,Moses,Hazleton,mhazletono4@multiply.com
870,Cosmo,Gosson,cgossono5@globo.com
871,Zorine,O'Corr,zocorro6@jiathis.com
872,Ardelia,Baldacco,abaldaccoo7@umn.edu
873,Matelda,Giblin,mgiblino8@virginia.edu
874,Sunny,Coy,scoyo9@sogou.com
875,Bibi,Wilstead,bwilsteadoa@businessinsider.com
876,Nessi,Cobbledick,ncobbledickob@google.de
877,Emelen,Ledwidge,eledwidgeoc@scribd.com
878,Lacie,Rearie,lrearieod@nyu.edu
879,Morena,Savine,msavineoe@psu.edu
880,Mamie,Lavallie,mlavallieof@mediafire.com
881,Frans,Irvine,firvineog@storify.com
882,Corrinne,Davidovits,cdavidovitsoh@ehow.com
883,Kissee,Deares,kdearesoi@plala.or.jp
884,Artus,Calderonello,acalderonellooj@amazon.com
885,Minetta,Vasyukhichev,mvasyukhichevok@nbcnews.com
886,Kristen,Getley,kgetleyol@elpais.com
887,Jemie,Gravey,jgraveyom@washingtonpost.com
888,Darda,Ackers,dackerson@tripadvisor.com
889,Kikelia,Stetlye,kstetlyeoo@wired.com
890,Normy,Woofinden,nwoofindenop@photobucket.com
891,Park,Manna,pmannaoq@virginia.edu
892,Tatum,Geator,tgeatoror@gov.uk
893,Galen,de Quesne,gdequesneos@pen.io
894,Red,Beisley,rbeisleyot@artisteer.com
895,Durante,Breslauer,dbreslauerou@phpbb.com
896,Gabi,Bothwell,gbothwellov@java.com
897,Siffre,Franceschi,sfranceschiow@cdc.gov
898,Flossie,McEvilly,fmcevillyox@xrea.com
899,Sky,Rojas,srojasoy@amazonaws.com
900,Cross,Butterfill,cbutterfilloz@ox.ac.uk
901,Hamid,Suff,hsuffp0@bbb.org
902,Wallis,Pagel,wpagelp1@sourceforge.net
903,Ervin,Filipchikov,efilipchikovp2@shutterfly.com
904,Roderic,Duns,rdunsp3@baidu.com
905,Celestina,Dunbavin,cdunbavinp4@shop-pro.jp
906,Odessa,Threlkeld,othrelkeldp5@miitbeian.gov.cn
907,Bonni,Glandon,bglandonp6@aboutads.info
908,Michale,Pinchback,mpinchbackp7@biglobe.ne.jp
909,Philbert,Desouza,pdesouzap8@google.com
910,Gare,Paskell,gpaskellp9@mozilla.org
911,Darline,Gratrix,dgratrixpa@dagondesign.com
912,Julius,Hutfield,jhutfieldpb@webs.com
913,Harmon,Ciotto,hciottopc@qq.com
914,Shanda,Cantle,scantlepd@xrea.com
915,Cathleen,Britton,cbrittonpe@va.gov
916,Ripley,Ranby,rranbypf@i2i.jp
917,Graeme,Wailes,gwailespg@flavors.me
918,Cordie,Maevela,cmaevelaph@mlb.com
919,Miquela,Whittington,mwhittingtonpi@npr.org
920,Marji,Brownsell,mbrownsellpj@narod.ru
921,Shalom,Oldmeadow,soldmeadowpk@home.pl
922,Yovonnda,Angliss,yanglisspl@dion.ne.jp
923,Cyrus,Pogue,cpoguepm@zdnet.com
924,Roch,Osselton,rosseltonpn@apple.com
925,Lanette,Deane,ldeanepo@guardian.co.uk
926,Kaitlin,Mulderrig,kmulderrigpp@cisco.com
927,Thomasine,Gedge,tgedgepq@typepad.com
928,Leila,Bywaters,lbywaterspr@blog.com
929,Travers,Killiner,tkillinerps@geocities.com
930,Shanta,Okroy,sokroypt@xrea.com
931,Angelique,Kilfedder,akilfedderpu@networksolutions.com
932,Morganica,Neill,mneillpv@paypal.com
933,Aldon,Eplett,aeplettpw@webeden.co.uk
934,Olly,Guerola,oguerolapx@shutterfly.com
935,Reid,Leys,rleyspy@csmonitor.com
936,Verge,Sagg,vsaggpz@usnews.com
937,Hubey,Alf,halfq0@typepad.com
938,Otes,Giacubbo,ogiacubboq1@naver.com
939,Cathy,Probyn,cprobynq2@telegraph.co.uk
940,Marris,Taggart,mtaggartq3@blogger.com
941,Lowell,Simenet,lsimenetq4@reference.com
942,Andy,Praill,apraillq5@phoca.cz
943,Fern,Andreev,fandreevq6@alibaba.com
944,Leonora,Durn,ldurnq7@wired.com
945,Loretta,Fillgate,lfillgateq8@hugedomains.com
946,Clotilda,Wormell,cwormellq9@gmpg.org
947,Rodge,Bernardotte,rbernardotteqa@ebay.com
948,Pattie,Crichley,pcrichleyqb@rambler.ru
949,Alonso,Antic,aanticqc@adobe.com
950,Moritz,Fridlington,mfridlingtonqd@squarespace.com
951,Merill,Elland,mellandqe@tmall.com
952,Ilene,Musk,imuskqf@usgs.gov
953,Tillie,Ratcliffe,tratcliffeqg@istockphoto.com
954,Ches,Waddilow,cwaddilowqh@netscape.com
955,Adam,Dufall,adufallqi@mit.edu
956,Annadiana,Standell,astandellqj@youtu.be
957,Rebecca,Lemmens,rlemmensqk@fastcompany.com
958,Truda,Seymark,tseymarkql@yale.edu
959,Lawrence,Chessel,lchesselqm@deliciousdays.com
960,Kelbee,Michie,kmichieqn@weather.com
961,Camala,Grundy,cgrundyqo@wordpress.org
962,Burk,Bagenal,bbagenalqp@php.net
963,Shandie,Coneau,sconeauqq@elpais.com
964,Naomi,Sparshett,nsparshettqr@miitbeian.gov.cn
965,Reginald,Sturdy,rsturdyqs@elpais.com
966,Vittoria,Yurchenko,vyurchenkoqt@adobe.com
967,Tyrone,Fitzgerald,tfitzgeraldqu@slate.com
968,Sheppard,Gladhill,sgladhillqv@gov.uk
969,Bathsheba,Boarer,bboarerqw@nhs.uk
970,Karoline,Heal,khealqx@cnn.com
971,Quincy,Kalkhoven,qkalkhovenqy@flavors.me
972,Latrina,Summerley,lsummerleyqz@webs.com
973,Dorella,Mulloch,dmullochr0@privacy.gov.au
974,Luisa,Cordelle,lcordeller1@seesaa.net
975,Dorree,Jerrans,djerransr2@dedecms.com
976,Trevor,Caltera,tcalterar3@facebook.com
977,Sissie,Cummine,scumminer4@google.ca
978,Scotti,Setford,ssetfordr5@wordpress.com
979,Klement,MattiCCI,kmatticcir6@va.gov
980,Minnie,Wagerfield,mwagerfieldr7@imageshack.us
981,Rubin,Hamshere,rhamsherer8@cdbaby.com
982,Burt,Zanicchi,bzanicchir9@4shared.com
983,Bettine,Knotte,bknottera@wordpress.com
984,Sydney,Creffield,screffieldrb@nih.gov
985,Sammy,Farreil,sfarreilrc@ning.com
986,Zenia,Denk,zdenkrd@scribd.com
987,Wiatt,O'Neary,wonearyre@omniture.com
988,Vernor,Carstairs,vcarstairsrf@usgs.gov
989,Jan,Korejs,jkorejsrg@live.com
990,Gustave,Decruse,gdecruserh@cnet.com
991,Maximilianus,Friese,mfrieseri@360.cn
992,Melisent,Noar,mnoarrj@businessinsider.com
993,Mirelle,Keson,mkesonrk@ucla.edu
994,Sawyere,Beardsworth,sbeardsworthrl@nbcnews.com
995,Allen,Thorsen,athorsenrm@msn.com
996,Fonsie,Probbings,fprobbingsrn@ameblo.jp
997,Lorine,Jury,ljuryro@list-manage.com
998,Roma,Axleby,raxlebyrp@dailymail.co.uk
999,Abelard,Surridge,asurridgerq@nasa.gov
1000,Leodora,Fearnyhough,lfearnyhoughrr@mashable.com
