id,first_name,last_name,email
1,Milly,Gaukroger,mgaukroger0@smh.com.au
2,Lanae,Boag,lboag1@nps.gov
3,Eldon,Dymock,edymock2@e-recht24.de
4,Addy,Saltmarsh,asaltmarsh3@irs.gov
5,Hoebart,Tiner,htiner4@seattletimes.com
6,Marris,Kidds,mkidds5@cpanel.net
7,Paul,Di Matteo,pdimatteo6@liveinternet.ru
8,Georgiana,Westney,gwestney7@nymag.com
9,Sylvan,Pauer,spauer8@csmonitor.com
10,Frances,Poad,fpoad9@ucoz.com
11,Saidee,Barrows,sbarrowsa@springer.com
12,Ely,Thayre,ethayreb@toplist.cz
13,Roxie,Adair,radairc@imageshack.us
14,Polly,Oxtarby,poxtarbyd@google.ru
15,Daphne,MacTeague,dmacteaguee@youku.com
16,Leela,Arnet,larnetf@shareasale.com
17,Saleem,Sabates,ssabatesg@uol.com.br
18,Trevar,Baudon,tbaudonh@microsoft.com
19,Alma,Loudon,aloudoni@ameblo.jp
20,Garrard,Nerne,gnernej@upenn.edu
21,Carmita,Sawdon,csawdonk@imageshack.us
22,Danielle,Lathleiffure,dlathleiffurel@mit.edu
23,Ezra,Szimon,eszimonm@homestead.com
24,Chaddie,Cuttell,ccuttelln@illinois.edu
25,Godard,Guerner,gguernero@wikipedia.org
26,Melisandra,Paddefield,mpaddefieldp@e-recht24.de
27,Fancy,Minucci,fminucciq@eepurl.com
28,Rockey,Peacock,rpeacockr@gravatar.com
29,Katheryn,Lowdwell,klowdwells@lulu.com
30,Chaunce,Sommerton,csommertont@nytimes.com
31,Abe,Mougeot,amougeotu@google.co.jp
32,Stefa,Lias,sliasv@bravesites.com
33,Saunders,Hubbuck,shubbuckw@bravesites.com
34,Ninetta,Christauffour,nchristauffourx@hao123.com
35,Katya,Dumberrill,kdumberrilly@photobucket.com
36,Francis,Danels,fdanelsz@dell.com
37,Velma,O'Doogan,vodoogan10@rambler.ru
38,Chancey,Wragge,cwragge11@guardian.co.uk
39,Dacia,Riddock,driddock12@nifty.com
40,Alys,Beattie,abeattie13@vinaora.com
41,Jameson,Glazyer,jglazyer14@engadget.com
42,Gaby,Alpes,galpes15@hubpages.com
43,Loydie,Lindenbaum,llindenbaum16@cocolog-nifty.com
44,Kimberli,Stollsteiner,kstollsteiner17@1und1.de
45,Baxter,Keddle,bkeddle18@paypal.com
46,Betteanne,Bohea,bbohea19@statcounter.com
47,Aldon,Hazeldene,ahazeldene1a@flavors.me
48,Darda,Davisson,ddavisson1b@oracle.com
49,Augusto,Wildt,awildt1c@xrea.com
50,Cristine,Brauns,cbrauns1d@phpbb.com
51,Bat,Farrand,bfarrand1e@cnet.com
52,Rori,McCurlye,rmccurlye1f@senate.gov
53,Teodoro,Phillipps,tphillipps1g@youku.com
54,Sutherlan,Mellon,smellon1h@blogs.com
55,Casi,Mungan,cmungan1i@trellian.com
56,Avivah,Piet,apiet1j@abc.net.au
57,Vance,MacCaughey,vmaccaughey1k@seattletimes.com
58,Bree,Lartice,blartice1l@weather.com
59,Puff,Crace,pcrace1m@list-manage.com
60,Malva,Riddles,mriddles1n@auda.org.au
61,Ewen,Pavey,epavey1o@chicagotribune.com
62,Marjorie,Tripcony,mtripcony1p@myspace.com
63,Maximilian,Klainer,mklainer1q@ebay.co.uk
64,Caroline,Petrello,cpetrello1r@omniture.com
65,Rufe,Traise,rtraise1s@imageshack.us
66,Mel,Sapir,msapir1t@comsenz.com
67,Amelina,Tommasi,atommasi1u@php.net
68,Anselm,Chapellow,achapellow1v@is.gd
69,Nickolaus,Navarro,nnavarro1w@bizjournals.com
70,Lynde,Ribeiro,lribeiro1x@narod.ru
71,Christy,Nyland,cnyland1y@google.com.hk
72,Filide,Buche,fbuche1z@hhs.gov
73,Salome,Gail,sgail20@wired.com
74,Mariann,Rowbottam,mrowbottam21@deliciousdays.com
75,Ainsley,Clapson,aclapson22@last.fm
76,Bari,Dominec,bdominec23@bloomberg.com
77,Ives,Oliffe,ioliffe24@so-net.ne.jp
78,Kendra,Northey,knorthey25@si.edu
79,Wait,Tidbury,wtidbury26@house.gov
80,Jan,Aubery,jaubery27@php.net
81,Mable,Thomel,mthomel28@spiegel.de
82,Evania,Lowthian,elowthian29@irs.gov
83,Ashlen,Adney,aadney2a@ovh.net
84,Enrichetta,Deards,edeards2b@opensource.org
85,Pansy,Addeycott,paddeycott2c@geocities.jp
86,Rosalyn,Bullar,rbullar2d@nba.com
87,Gladi,Rooksby,grooksby2e@answers.com
88,Bonny,Laytham,blaytham2f@hugedomains.com
89,Pail,McNeilley,pmcneilley2g@slideshare.net
90,Shayne,Gounel,sgounel2h@nyu.edu
91,Ameline,Zum Felde,azumfelde2i@admin.ch
92,Garvin,Bartak,gbartak2j@chicagotribune.com
93,Tomkin,Cazin,tcazin2k@npr.org
94,Micky,D'Enrico,mdenrico2l@icio.us
95,Siegfried,O'Brollachain,sobrollachain2m@163.com
96,Berkie,Hedingham,bhedingham2n@umn.edu
97,Delbert,Esche,desche2o@cdbaby.com
98,Micheal,Blaney,mblaney2p@flavors.me
99,Corinna,Standish,cstandish2q@latimes.com
100,Neille,Scurrah,nscurrah2r@jalbum.net
101,Skipper,Carlet,scarlet2s@webeden.co.uk
102,Alexis,Hanham,ahanham2t@facebook.com
103,Shaun,Kelwick,skelwick2u@devhub.com
104,Lusa,Zelake,lzelake2v@mit.edu
105,Harris,Bourcq,hbourcq2w@live.com
106,Sheffie,Caston,scaston2x@slashdot.org
107,Anderson,Lemarie,alemarie2y@liveinternet.ru
108,Darrell,Porson,dporson2z@bing.com
109,Clemence,Halversen,chalversen30@dedecms.com
110,Anderson,Keeney,akeeney31@multiply.com
111,Alyce,Pidwell,apidwell32@skype.com
112,Jeannine,Camblin,jcamblin33@go.com
113,Leanora,Cassels,lcassels34@deviantart.com
114,Sherman,Corhard,scorhard35@gizmodo.com
115,Leonidas,Crowcher,lcrowcher36@unicef.org
116,Addie,Tanslie,atanslie37@tripod.com
117,Celka,Pigne,cpigne38@discuz.net
118,Kermy,Bartoloma,kbartoloma39@github.io
119,Arlan,Guillotin,aguillotin3a@thetimes.co.uk
120,Phylis,Alstead,palstead3b@un.org
121,Ezechiel,Hawkeridge,ehawkeridge3c@forbes.com
122,Mario,Apfelmann,mapfelmann3d@smugmug.com
123,Dougie,Marcoolyn,dmarcoolyn3e@jalbum.net
124,Camile,Kubik,ckubik3f@themeforest.net
125,Keefer,Fritzer,kfritzer3g@paginegialle.it
126,Mamie,Duckham,mduckham3h@infoseek.co.jp
127,Ashlin,Synder,asynder3i@weebly.com
128,Tanney,Dovey,tdovey3j@craigslist.org
129,Gallagher,Castro,gcastro3k@prnewswire.com
130,Adiana,Coryndon,acoryndon3l@wikia.com
131,Karole,Van der Krui,kvanderkrui3m@archive.org
132,Christiana,Steadman,csteadman3n@a8.net
133,Marisa,Girardot,mgirardot3o@hibu.com
134,Ann,Scyner,ascyner3p@chron.com
135,Tremaine,McGall,tmcgall3q@nhs.uk
136,Marrissa,Matuskiewicz,mmatuskiewicz3r@merriam-webster.com
137,Kara-lynn,Laban,klaban3s@surveymonkey.com
138,Dulce,Trickey,dtrickey3t@github.io
139,Corrie,Ridder,cridder3u@businesswire.com
140,Friederike,Marton,fmarton3v@zimbio.com
141,Alisun,Wrenn,awrenn3w@epa.gov
142,Ira,Bygraves,ibygraves3x@wordpress.com
143,Del,Hastin,dhastin3y@ucla.edu
144,Jordan,Crack,jcrack3z@bravesites.com
145,Marie-jeanne,Tiery,mtiery40@illinois.edu
146,Gaylor,Boatright,gboatright41@joomla.org
147,Leisha,Eyckelberg,leyckelberg42@taobao.com
148,Ertha,Cullimore,ecullimore43@europa.eu
149,Taber,Brychan,tbrychan44@patch.com
150,Sigvard,Thunnercliffe,sthunnercliffe45@marketwatch.com
151,Glyn,Kemshell,gkemshell46@1und1.de
152,Lottie,Whybrow,lwhybrow47@topsy.com
153,Patty,Soldan,psoldan48@nba.com
154,Lissi,Brownsworth,lbrownsworth49@slashdot.org
155,Jaymie,Jewitt,jjewitt4a@washingtonpost.com
156,Alejandro,Dolling,adolling4b@google.cn
157,Philomena,De Bruin,pdebruin4c@gnu.org
158,Winslow,Heinsius,wheinsius4d@apache.org
159,Philippa,Jillett,pjillett4e@trellian.com
160,Melva,Hedman,mhedman4f@google.com.hk
161,Muffin,Buse,mbuse4g@odnoklassniki.ru
162,Joelynn,Pomfrey,jpomfrey4h@domainmarket.com
163,Cory,Pigford,cpigford4i@blog.com
164,Ingelbert,Nelligan,inelligan4j@nydailynews.com
165,Avivah,MacCaig,amaccaig4k@cnn.com
166,Annabelle,Lukes,alukes4l@netscape.com
167,Helene,Daniel,hdaniel4m@springer.com
168,Chantalle,Notton,cnotton4n@who.int
169,Davidson,Deakes,ddeakes4o@auda.org.au
170,Patrizia,Lynnitt,plynnitt4p@google.com
171,Ignazio,Roberto,iroberto4q@devhub.com
172,Brien,Binton,bbinton4r@pbs.org
173,Bill,Scougal,bscougal4s@hud.gov
174,Basile,Petyankin,bpetyankin4t@berkeley.edu
175,Delphinia,Grinaugh,dgrinaugh4u@google.com.au
176,Deidre,Tomkys,dtomkys4v@hud.gov
177,Chelsie,Escoffrey,cescoffrey4w@china.com.cn
178,Loella,Wingate,lwingate4x@tuttocitta.it
179,Ogdon,Congrave,ocongrave4y@intel.com
180,Kirsten,Peres,kperes4z@infoseek.co.jp
181,Gare,Garland,ggarland50@livejournal.com
182,Dita,Simm,dsimm51@msn.com
183,Andree,Rosenfield,arosenfield52@kickstarter.com
184,Amalie,Hedgeman,ahedgeman53@mac.com
185,Shari,Allix,sallix54@yelp.com
186,Elfrida,Bottoner,ebottoner55@imgur.com
187,Jecho,Grunbaum,jgrunbaum56@purevolume.com
188,Mindy,Amorine,mamorine57@soundcloud.com
189,Marja,Ordelt,mordelt58@alibaba.com
190,Berky,Gantlett,bgantlett59@digg.com
191,Ricky,McCurrie,rmccurrie5a@hexun.com
192,Kirstin,Sparsholt,ksparsholt5b@shutterfly.com
193,Ryun,Doddrell,rdoddrell5c@lycos.com
194,Penni,Crowne,pcrowne5d@dmoz.org
195,Aleksandr,Struijs,astruijs5e@sina.com.cn
196,Austin,Cawdery,acawdery5f@github.com
197,Thornton,Mulheron,tmulheron5g@amazon.com
198,Toni,Walczynski,twalczynski5h@oracle.com
199,Dionis,Pavlik,dpavlik5i@photobucket.com
200,Zach,Craigmile,zcraigmile5j@gnu.org
201,Brianna,Patty,bpatty5k@mashable.com
202,Ive,Hoogendorp,ihoogendorp5l@dyndns.org
203,Edlin,Dedden,ededden5m@wsj.com
204,Yuri,Stoffer,ystoffer5n@squarespace.com
205,Beaufort,MacMillan,bmacmillan5o@gravatar.com
206,Codie,Ballintyne,cballintyne5p@bigcartel.com
207,Uriah,Bielefeld,ubielefeld5q@nhs.uk
208,Ailina,Ilyunin,ailyunin5r@cdc.gov
209,Jeffrey,Dummigan,jdummigan5s@moonfruit.com
210,Dita,Antonietti,dantonietti5t@canalblog.com
211,Christi,Casazza,ccasazza5u@ocn.ne.jp
212,Ikey,Kildahl,ikildahl5v@istockphoto.com
213,Nancie,Andren,nandren5w@privacy.gov.au
214,Constantia,Exton,cexton5x@posterous.com
215,Cly,Kirwood,ckirwood5y@eventbrite.com
216,Yvonne,Birtwisle,ybirtwisle5z@gnu.org
217,Darren,Spellacy,dspellacy60@google.ca
218,Inger,Cromley,icromley61@github.com
219,Leanor,MacCoveney,lmaccoveney62@plala.or.jp
220,Yoshiko,Ludron,yludron63@purevolume.com
221,Addia,Rosbotham,arosbotham64@wordpress.org
222,Aguste,Devorill,adevorill65@jalbum.net
223,Leandra,Rheaume,lrheaume66@cisco.com
224,Rasla,Duinkerk,rduinkerk67@smugmug.com
225,Deborah,McKinney,dmckinney68@fema.gov
226,Jaclin,Raisher,jraisher69@123-reg.co.uk
227,Cass,Terbruggen,cterbruggen6a@wikipedia.org
228,Janene,Eberle,jeberle6b@lycos.com
229,Farica,Dorset,fdorset6c@topsy.com
230,Brigit,Plowright,bplowright6d@china.com.cn
231,Mitch,Routledge,mroutledge6e@answers.com
232,Rudolf,Probart,rprobart6f@reverbnation.com
233,Augustine,Derle,aderle6g@drupal.org
234,Vance,Chesman,vchesman6h@sphinn.com
235,Honoria,Kochel,hkochel6i@sogou.com
236,Cynthia,Petrescu,cpetrescu6j@jimdo.com
237,Modestine,Muro,mmuro6k@wired.com
238,Karyn,Hinsche,khinsche6l@pagesperso-orange.fr
239,Romeo,Docket,rdocket6m@opensource.org
240,Dag,Morison,dmorison6n@spotify.com
241,Jolyn,Knudsen,jknudsen6o@forbes.com
242,Bartolomeo,Le Fleming,blefleming6p@cnbc.com
243,Thadeus,Vigar,tvigar6q@berkeley.edu
244,Bogart,McFaell,bmcfaell6r@hexun.com
245,Kristy,Jerrems,kjerrems6s@ehow.com
246,Peterus,Guillain,pguillain6t@walmart.com
247,Darbie,Demetr,ddemetr6u@blogtalkradio.com
248,Kerby,Skinley,kskinley6v@foxnews.com
249,Nelia,Pund,npund6w@ow.ly
250,Estevan,Chalfont,echalfont6x@histats.com
251,Lucretia,Milborn,lmilborn6y@shinystat.com
252,Lydon,Ioselev,lioselev6z@nih.gov
253,Loleta,Ryland,lryland70@apple.com
254,Rivkah,Giblin,rgiblin71@accuweather.com
255,Dougie,Janicki,djanicki72@phoca.cz
256,Tomasina,Burrow,tburrow73@blinklist.com
257,Shandee,Dodds,sdodds74@youku.com
258,Quint,Forrestill,qforrestill75@opera.com
259,Claudian,Coxhell,ccoxhell76@hhs.gov
260,Loralyn,Dockray,ldockray77@ow.ly
261,Cornela,Maw,cmaw78@bluehost.com
262,Jarid,Willers,jwillers79@wikipedia.org
263,Noah,Plumbridge,nplumbridge7a@youku.com
264,Tim,Goatcher,tgoatcher7b@bbb.org
265,Dame,Hallaways,dhallaways7c@state.gov
266,Barnett,Sloyan,bsloyan7d@ed.gov
267,Harley,Jahan,hjahan7e@smh.com.au
268,Aubree,Daish,adaish7f@java.com
269,Parke,Ferres,pferres7g@merriam-webster.com
270,Gerek,Siburn,gsiburn7h@boston.com
271,Josephina,Eringey,jeringey7i@yahoo.co.jp
272,Isidro,Styant,istyant7j@apache.org
273,Clementine,Heaton,cheaton7k@usnews.com
274,Raffarty,Trevor,rtrevor7l@simplemachines.org
275,Rad,Lorant,rlorant7m@mlb.com
276,Francisca,Medford,fmedford7n@dagondesign.com
277,Bellina,Lennon,blennon7o@wikispaces.com
278,Marcelline,Becks,mbecks7p@hp.com
279,Stoddard,Desantis,sdesantis7q@yellowbook.com
280,Nap,Hankard,nhankard7r@booking.com
281,Drud,Tuftin,dtuftin7s@reference.com
282,Kimbell,Oleksinski,koleksinski7t@narod.ru
283,Cati,Meharg,cmeharg7u@mit.edu
284,Rafi,Satterley,rsatterley7v@google.com.hk
285,Krissy,Law,klaw7w@army.mil
286,Lorilyn,Ivashev,livashev7x@behance.net
287,Byron,Kinglesyd,bkinglesyd7y@github.io
288,Fidelity,Siddeley,fsiddeley7z@chron.com
289,Vanny,Osman,vosman80@youtube.com
290,Ricky,Ponde,rponde81@hubpages.com
291,Deny,Felten,dfelten82@engadget.com
292,Nelly,Dray,ndray83@gov.uk
293,Juliet,Dwane,jdwane84@fotki.com
294,Byrle,O'Dooghaine,bodooghaine85@typepad.com
295,Ced,Goldsbrough,cgoldsbrough86@devhub.com
296,Arri,Gavigan,agavigan87@yahoo.com
297,Carolyn,Brandli,cbrandli88@gizmodo.com
298,Nehemiah,L' Anglois,nlanglois89@msu.edu
299,Arnuad,Elston,aelston8a@webmd.com
300,Brade,Calderbank,bcalderbank8b@ow.ly
301,Bing,Carrodus,bcarrodus8c@yandex.ru
302,Shelby,Shillan,sshillan8d@statcounter.com
303,Charlena,McIlwaine,cmcilwaine8e@taobao.com
304,Jenni,Jeroch,jjeroch8f@springer.com
305,Melly,Dignon,mdignon8g@constantcontact.com
306,Rafaelita,Ranstead,rranstead8h@ted.com
307,Bronny,Matysik,bmatysik8i@fda.gov
308,Amalia,Loble,aloble8j@hhs.gov
309,Horacio,Cavilla,hcavilla8k@mapquest.com
310,Zaccaria,Grinnell,zgrinnell8l@twitter.com
311,Bryana,Bettlestone,bbettlestone8m@bluehost.com
312,Annetta,Kidston,akidston8n@paypal.com
313,Harmonia,Huxter,hhuxter8o@networkadvertising.org
314,Neddie,Harbord,nharbord8p@wunderground.com
315,Georgine,Bromont,gbromont8q@noaa.gov
316,Garth,Pickerill,gpickerill8r@statcounter.com
317,Ina,Trubshaw,itrubshaw8s@comcast.net
318,Federica,Fenimore,ffenimore8t@uol.com.br
319,Nil,Readwing,nreadwing8u@rambler.ru
320,Marguerite,Arman,marman8v@addthis.com
321,Karry,Chadwell,kchadwell8w@columbia.edu
322,Saidee,Brunsdon,sbrunsdon8x@edublogs.org
323,Patience,MacBrearty,pmacbrearty8y@wikispaces.com
324,Raina,Micco,rmicco8z@1688.com
325,Bartel,McKeran,bmckeran90@t.co
326,Krisha,Stapele,kstapele91@ifeng.com
327,Omar,Reddish,oreddish92@wix.com
328,Ave,Breckell,abreckell93@accuweather.com
329,Evelyn,Hanratty,ehanratty94@yellowbook.com
330,Chaunce,Boni,cboni95@php.net
331,Pippo,Linnock,plinnock96@thetimes.co.uk
332,Asa,Stuckley,astuckley97@nydailynews.com
333,Jerrold,Polo,jpolo98@usatoday.com
334,Allister,Entwistle,aentwistle99@phoca.cz
335,Beryle,Povah,bpovah9a@symantec.com
336,Ikey,Franz,ifranz9b@topsy.com
337,Thayne,Geoghegan,tgeoghegan9c@army.mil
338,Reamonn,Wallage,rwallage9d@loc.gov
339,Deidre,Leathe,dleathe9e@jugem.jp
340,Christi,Garrigan,cgarrigan9f@fc2.com
341,Madelin,Blackmoor,mblackmoor9g@dion.ne.jp
342,Ingemar,Gammett,igammett9h@vistaprint.com
343,Killian,Tonks,ktonks9i@nba.com
344,Ricki,Huton,rhuton9j@msu.edu
345,Charmain,Thumann,cthumann9k@google.co.jp
346,Corly,MacAulay,cmacaulay9l@bloglines.com
347,Kassia,Shotbolt,kshotbolt9m@storify.com
348,Dani,Gobourn,dgobourn9n@hc360.com
349,Cloris,Stow,cstow9o@sitemeter.com
350,Kristin,Dellit,kdellit9p@bizjournals.com
351,Maurie,Newey,mnewey9q@pinterest.com
352,Lula,Zylberdik,lzylberdik9r@narod.ru
353,Remy,Zieme,rzieme9s@myspace.com
354,Ardelis,Cartner,acartner9t@bizjournals.com
355,Freda,Nanson,fnanson9u@wired.com
356,Conrade,Benzies,cbenzies9v@fema.gov
357,Cristabel,Beacon,cbeacon9w@accuweather.com
358,Romy,McGonigal,rmcgonigal9x@google.ca
359,Ardella,Pougher,apougher9y@hc360.com
360,Harley,Hrycek,hhrycek9z@home.pl
361,Francisca,Ordidge,fordidgea0@tmall.com
362,Riordan,Arthan,rarthana1@harvard.edu
363,Eberto,Bonifas,ebonifasa2@edublogs.org
364,Arly,Mewett,amewetta3@virginia.edu
365,Jandy,Keirl,jkeirla4@irs.gov
366,Katherina,Colvie,kcolviea5@biglobe.ne.jp
367,Andrej,Eaddy,aeaddya6@theglobeandmail.com
368,Marga,Swanton,mswantona7@qq.com
369,Dicky,Upham,duphama8@vkontakte.ru
370,Matty,Battleson,mbattlesona9@npr.org
371,Darbie,Spykins,dspykinsaa@ted.com
372,Mortimer,Gannicott,mgannicottab@cargocollective.com
373,Humberto,Maddyson,hmaddysonac@freewebs.com
374,Adams,Crosskell,acrosskellad@paginegialle.it
375,Erinn,Roskeilly,eroskeillyae@sina.com.cn
376,Gay,Gateman,ggatemanaf@kickstarter.com
377,Byrann,Davidy,bdavidyag@netlog.com
378,Demetra,Macey,dmaceyah@altervista.org
379,Adeline,Attwater,aattwaterai@mtv.com
380,Cammy,De Vaux,cdevauxaj@biglobe.ne.jp
381,Arlana,Somerlie,asomerlieak@mapquest.com
382,Kalil,Smalman,ksmalmanal@wufoo.com
383,Curran,Worling,cworlingam@nature.com
384,Myron,Schonfeld,mschonfeldan@elegantthemes.com
385,Kordula,Zum Felde,kzumfeldeao@psu.edu
386,Cord,Prosh,cproshap@sitemeter.com
387,Garner,Raven,gravenaq@sourceforge.net
388,Briny,Damsell,bdamsellar@acquirethisname.com
389,Erena,Nassie,enassieas@omniture.com
390,Alica,Khalid,akhalidat@amazon.com
391,Cristie,Frary,cfraryau@usatoday.com
392,Kip,Whewill,kwhewillav@sourceforge.net
393,Hendrik,Lidgertwood,hlidgertwoodaw@businessinsider.com
394,David,Simants,dsimantsax@foxnews.com
395,Darnell,Goodison,dgoodisonay@printfriendly.com
396,Raine,MacCardle,rmaccardleaz@tamu.edu
397,Alexandr,Schiesterl,aschiesterlb0@blogs.com
398,Catha,Strickler,cstricklerb1@parallels.com
399,Harry,Brookes,hbrookesb2@army.mil
400,Eduino,Brasse,ebrasseb3@epa.gov
401,Izak,Dunge,idungeb4@123-reg.co.uk
402,Ann,Alans,aalansb5@trellian.com
403,Leroi,Springall,lspringallb6@hibu.com
404,Cesaro,Keer,ckeerb7@reddit.com
405,Orran,Lyffe,olyffeb8@wiley.com
406,Si,Lovart,slovartb9@storify.com
407,Charmaine,Baulch,cbaulchba@theglobeandmail.com
408,Padget,McCunn,pmccunnbb@histats.com
409,Bogey,Powis,bpowisbc@princeton.edu
410,Alejandrina,Blair,ablairbd@symantec.com
411,Elton,Ibbett,eibbettbe@fda.gov
412,Deana,Szimoni,dszimonibf@de.vu
413,Amabelle,Healings,ahealingsbg@mayoclinic.com
414,Ardyth,McCulley,amcculleybh@joomla.org
415,Abigail,Breslau,abreslaubi@tripadvisor.com
416,Edik,Thrush,ethrushbj@reverbnation.com
417,Teddy,Klemps,tklempsbk@live.com
418,Chiquita,Yakobovicz,cyakoboviczbl@irs.gov
419,Cosetta,Harkins,charkinsbm@imageshack.us
420,Eleonora,McGowing,emcgowingbn@plala.or.jp
421,Tab,Sine,tsinebo@google.nl
422,Yettie,Towers,ytowersbp@youku.com
423,Gan,McCaughey,gmccaugheybq@smh.com.au
424,Lucas,Antonoczyk,lantonoczykbr@sun.com
425,Candi,Zappel,czappelbs@shinystat.com
426,Florenza,Reddick,freddickbt@hexun.com
427,Mariska,Nellis,mnellisbu@wiley.com
428,Erin,Vankin,evankinbv@fastcompany.com
429,Vally,Spleving,vsplevingbw@buzzfeed.com
430,Rosemonde,Paddy,rpaddybx@noaa.gov
431,Myrtia,Tansley,mtansleyby@gravatar.com
432,Kalvin,Lemmens,klemmensbz@whitehouse.gov
433,Rouvin,Dundridge,rdundridgec0@imageshack.us
434,Sheridan,Pedrielli,spedriellic1@opensource.org
435,Domini,Janek,djanekc2@geocities.jp
436,Roxana,Possell,rpossellc3@foxnews.com
437,Mariann,Nyssens,mnyssensc4@newsvine.com
438,Eula,Igglesden,eigglesdenc5@harvard.edu
439,Thomasine,Carlton,tcarltonc6@example.com
440,Jenny,Candelin,jcandelinc7@posterous.com
441,Daria,Tyler,dtylerc8@google.de
442,Seka,Gillatt,sgillattc9@youku.com
443,Garrard,Rangeley,grangeleyca@google.nl
444,Alon,Swaffer,aswaffercb@fc2.com
445,Wrennie,Opie,wopiecc@engadget.com
446,Daren,Gilmour,dgilmourcd@comsenz.com
447,Paquito,Jarnell,pjarnellce@imgur.com
448,Karyn,Lessmare,klessmarecf@hud.gov
449,Deerdre,Sevior,dseviorcg@answers.com
450,Pryce,Tarbath,ptarbathch@jimdo.com
451,Tann,Crab,tcrabci@mediafire.com
452,Giacobo,Janosevic,gjanoseviccj@pcworld.com
453,Lolly,Brailey,lbraileyck@google.nl
454,Brendan,Broomhead,bbroomheadcl@ocn.ne.jp
455,Clarinda,Halladay,challadaycm@europa.eu
456,Maddy,Manshaw,mmanshawcn@dot.gov
457,Nickola,Poxton,npoxtonco@is.gd
458,Viv,Marjanski,vmarjanskicp@alexa.com
459,Dolores,Scarlett,dscarlettcq@nationalgeographic.com
460,Ario,Waliszek,awaliszekcr@washingtonpost.com
461,Colleen,Brandenburg,cbrandenburgcs@cyberchimps.com
462,Boycie,Ferrier,bferrierct@wp.com
463,Clim,Legister,clegistercu@omniture.com
464,Linea,Arnoll,larnollcv@nifty.com
465,Felita,Prestwich,fprestwichcw@posterous.com
466,Nana,Sharpe,nsharpecx@walmart.com
467,Guglielmo,Beastall,gbeastallcy@joomla.org
468,Rosie,Livings,rlivingscz@cafepress.com
469,Faustina,Jossel,fjosseld0@infoseek.co.jp
470,Briney,Rummings,brummingsd1@wikipedia.org
471,Milo,Frantzeni,mfrantzenid2@stumbleupon.com
472,Leisha,McGoldrick,lmcgoldrickd3@admin.ch
473,Dena,Arens,darensd4@elpais.com
474,Galvan,Mayzes,gmayzesd5@baidu.com
475,Steffie,Humble,shumbled6@cornell.edu
476,Vito,Michelle,vmichelled7@gizmodo.com
477,Olivia,Eul,oeuld8@jugem.jp
478,Dorothy,Gowthorpe,dgowthorped9@umich.edu
479,Rozalie,Gallihawk,rgallihawkda@biglobe.ne.jp
480,Nedi,Franzonello,nfranzonellodb@accuweather.com
481,Dannie,Logue,dloguedc@live.com
482,Brennan,Mallon,bmallondd@delicious.com
483,Yankee,Bummfrey,ybummfreyde@elegantthemes.com
484,Leigh,Gabbitis,lgabbitisdf@friendfeed.com
485,Ky,Juris,kjurisdg@techcrunch.com
486,Celestina,Greeding,cgreedingdh@tuttocitta.it
487,Ricky,Braferton,rbrafertondi@odnoklassniki.ru
488,Lindon,Luetkemeyers,lluetkemeyersdj@taobao.com
489,Robbert,Rowbottom,rrowbottomdk@weather.com
490,Clarey,Conibere,cconiberedl@google.es
491,Danette,Jerrans,djerransdm@studiopress.com
492,Timmie,Jobern,tjoberndn@cdc.gov
493,Giff,Fishly,gfishlydo@springer.com
494,Ekaterina,Penvarden,epenvardendp@miitbeian.gov.cn
495,Starla,Everly,severlydq@nbcnews.com
496,Calypso,Huey,chueydr@google.pl
497,Penny,Leynham,pleynhamds@posterous.com
498,Veronique,Dunphy,vdunphydt@google.co.uk
499,Alica,Binnell,abinnelldu@discovery.com
500,Chancey,Daniau,cdaniaudv@homestead.com
501,Jonathan,Kneesha,jkneeshadw@msu.edu
502,Lynelle,Kermon,lkermondx@hugedomains.com
503,Ilise,Tortoishell,itortoishelldy@biglobe.ne.jp
504,Drona,Tebbe,dtebbedz@bluehost.com
505,Cirilo,Goricke,cgorickee0@hao123.com
506,Rolfe,Edgeller,redgellere1@about.com
507,Ebenezer,Coogan,ecoogane2@xinhuanet.com
508,Davide,Chaffyn,dchaffyne3@tripod.com
509,Tate,Flanigan,tflanigane4@cdbaby.com
510,Ray,Kiehnlt,rkiehnlte5@edublogs.org
511,Israel,Lowther,ilowthere6@tumblr.com
512,Addie,Showte,ashowtee7@pcworld.com
513,Vaughan,Newgrosh,vnewgroshe8@latimes.com
514,Edgardo,Messitt,emessitte9@sakura.ne.jp
515,Carol,Ordemann,cordemannea@abc.net.au
516,Lewie,Ploughwright,lploughwrighteb@blogs.com
517,Collin,Chartre,cchartreec@bizjournals.com
518,Irina,Florey,ifloreyed@ft.com
519,Vasily,Worral,vworralee@bloglovin.com
520,Tildi,Fusedale,tfusedaleef@cargocollective.com
521,Gaston,Ondrusek,gondrusekeg@cyberchimps.com
522,Farrah,Cluse,fcluseeh@digg.com
523,Sheba,Randalston,srandalstonei@cornell.edu
524,Godfry,McKennan,gmckennanej@auda.org.au
525,Sherwin,Labbez,slabbezek@webnode.com
526,Ted,Suggitt,tsuggittel@squarespace.com
527,Les,Lipmann,llipmannem@discuz.net
528,Margret,McPhilip,mmcphilipen@cbslocal.com
529,Terra,Snibson,tsnibsoneo@godaddy.com
530,Gisella,McCallum,gmccallumep@mit.edu
531,Clarke,Savine,csavineeq@gnu.org
532,Margot,Larose,mlaroseer@whitehouse.gov
533,Justinn,Garfath,jgarfathes@msn.com
534,Dacey,Robart,drobartet@zimbio.com
535,Vernice,Durrell,vdurrelleu@ihg.com
536,Barnabas,Meeson,bmeesonev@liveinternet.ru
537,Cammie,Glass,cglassew@jiathis.com
538,Lynelle,Ovesen,lovesenex@businessinsider.com
539,Ella,Dilston,edilstoney@statcounter.com
540,Lindie,Ricket,lricketez@newsvine.com
541,Neilla,Emig,nemigf0@alexa.com
542,Keslie,Baskeyfied,kbaskeyfiedf1@spiegel.de
543,Bekki,Dimitrov,bdimitrovf2@mit.edu
544,Susi,Leathem,sleathemf3@ucoz.com
545,Ewen,Crockatt,ecrockattf4@vistaprint.com
546,Nettie,Maccree,nmaccreef5@telegraph.co.uk
547,Cordy,Coytes,ccoytesf6@networksolutions.com
548,Gene,Shortan,gshortanf7@sphinn.com
549,Johanna,Byas,jbyasf8@indiatimes.com
550,Aimil,Wanell,awanellf9@google.cn
551,Annmaria,Stammler,astammlerfa@arstechnica.com
552,Nicki,Rohlfing,nrohlfingfb@mayoclinic.com
553,Kizzie,Swinnard,kswinnardfc@kickstarter.com
554,Jere,Matokhnin,jmatokhninfd@apache.org
555,Flory,Janway,fjanwayfe@noaa.gov
556,Ambrosio,Lynam,alynamff@bluehost.com
557,Raffarty,McMillan,rmcmillanfg@netvibes.com
558,Robbin,Rieger,rriegerfh@php.net
559,Teresita,Gaw,tgawfi@nifty.com
560,Consalve,Filler,cfillerfj@dailymotion.com
561,Barnett,Mishaw,bmishawfk@technorati.com
562,Krista,Woonton,kwoontonfl@answers.com
563,Kelbee,Hendrickson,khendricksonfm@naver.com
564,Lissa,Fandrich,lfandrichfn@barnesandnoble.com
565,Nickolai,Treneman,ntrenemanfo@ucsd.edu
566,Anthe,Spellesy,aspellesyfp@thetimes.co.uk
567,Kenyon,Edgell,kedgellfq@bizjournals.com
568,Jaquith,Giacomuzzi,jgiacomuzzifr@163.com
569,Conn,Kerner,ckernerfs@infoseek.co.jp
570,Goraud,Rushby,grushbyft@theatlantic.com
571,Marylinda,Coomber,mcoomberfu@google.co.uk
572,Durand,Cuer,dcuerfv@gravatar.com
573,Wilbert,Regenhardt,wregenhardtfw@stanford.edu
574,Debra,Lidgate,dlidgatefx@163.com
575,Terrill,Monnoyer,tmonnoyerfy@illinois.edu
576,Alberik,Hursthouse,ahursthousefz@nydailynews.com
577,Bonnie,Perry,bperryg0@privacy.gov.au
578,Livvyy,Cottom,lcottomg1@acquirethisname.com
579,Darb,Molyneaux,dmolyneauxg2@tripod.com
580,Robinetta,Hadingham,rhadinghamg3@buzzfeed.com
581,Petronilla,Shayes,pshayesg4@mozilla.com
582,Devina,Bennie,dbennieg5@epa.gov
583,Boothe,Nicely,bnicelyg6@theatlantic.com
584,Gunther,Imesson,gimessong7@plala.or.jp
585,Caz,Wilshere,cwilshereg8@disqus.com
586,Patrizius,Jestico,pjesticog9@tinypic.com
587,Iago,Halshaw,ihalshawga@umich.edu
588,Ansell,Leatherland,aleatherlandgb@ftc.gov
589,Ring,Corlett,rcorlettgc@mayoclinic.com
590,Hobart,Menloe,hmenloegd@trellian.com
591,Edmund,Margrem,emargremge@blogspot.com
592,Shoshanna,Scadding,sscaddinggf@globo.com
593,Sheree,Jefferd,sjefferdgg@simplemachines.org
594,Noelyn,Spencley,nspencleygh@archive.org
595,Jeanine,Raund,jraundgi@apple.com
596,Gannon,Iveans,giveansgj@homestead.com
597,Engracia,Cordall,ecordallgk@jigsy.com
598,Beth,Jeromson,bjeromsongl@devhub.com
599,Burgess,Middlebrook,bmiddlebrookgm@sohu.com
600,Moise,Colloff,mcolloffgn@ebay.co.uk
601,Marcos,Lapthorne,mlapthornego@clickbank.net
602,Witty,Stihl,wstihlgp@elegantthemes.com
603,Bird,Esherwood,besherwoodgq@shop-pro.jp
604,Ilse,Van Der Weedenburg,ivanderweedenburggr@printfriendly.com
605,Jeffry,Burhouse,jburhousegs@discovery.com
606,Joeann,Balston,jbalstongt@wsj.com
607,Ham,Dennes,hdennesgu@bbb.org
608,Saidee,Wolfer,swolfergv@miibeian.gov.cn
609,Enriqueta,Wayland,ewaylandgw@techcrunch.com
610,Wakefield,Scolding,wscoldinggx@weather.com
611,Chiquia,Ethington,cethingtongy@spotify.com
612,Heidie,Hamp,hhampgz@mysql.com
613,Junette,Machent,jmachenth0@barnesandnoble.com
614,Jerrome,Hasell,jhasellh1@feedburner.com
615,Ahmed,Matzeitis,amatzeitish2@macromedia.com
616,Ruthann,Yarr,ryarrh3@nyu.edu
617,Vassili,Fortin,vfortinh4@gnu.org
618,Rycca,Leamon,rleamonh5@webs.com
619,Lettie,Wickrath,lwickrathh6@answers.com
620,Karoly,Danniel,kdannielh7@woothemes.com
621,Shirleen,Ramas,sramash8@blogger.com
622,Flo,Michelin,fmichelinh9@google.com.hk
623,Kelly,Scouse,kscouseha@a8.net
624,Raviv,Garstang,rgarstanghb@weather.com
625,Ilyssa,Baynes,ibayneshc@creativecommons.org
626,Phillida,Knibb,pknibbhd@thetimes.co.uk
627,Gerianne,Hame,ghamehe@artisteer.com
628,Delano,Grimsdike,dgrimsdikehf@weebly.com
629,Hetty,Jickles,hjickleshg@pinterest.com
630,Etheline,Cyster,ecysterhh@chron.com
631,Tedman,Godsil,tgodsilhi@cyberchimps.com
632,Stevana,Fernao,sfernaohj@home.pl
633,Nye,Fellnee,nfellneehk@quantcast.com
634,Leonora,Zuanelli,lzuanellihl@mozilla.org
635,Sandy,Daens,sdaenshm@google.com.au
636,Storm,Vaneschi,svaneschihn@fema.gov
637,Keary,Ashby,kashbyho@parallels.com
638,Elayne,Tootin,etootinhp@wsj.com
639,Aline,Crocumbe,acrocumbehq@csmonitor.com
640,Giovanni,Jurczak,gjurczakhr@independent.co.uk
641,Simmonds,Abercromby,sabercrombyhs@biglobe.ne.jp
642,Ashia,Stebbings,astebbingsht@xrea.com
643,Aloysia,Stihl,astihlhu@mac.com
644,Vanya,Tiesman,vtiesmanhv@ocn.ne.jp
645,Silvio,McMychem,smcmychemhw@hud.gov
646,Chrisy,Shreve,cshrevehx@ox.ac.uk
647,Alwyn,Campey,acampeyhy@who.int
648,Car,Devita,cdevitahz@typepad.com
649,Fernande,Gland,fglandi0@apple.com
650,Lane,Gerald,lgeraldi1@networkadvertising.org
651,Myrle,Gooday,mgoodayi2@cafepress.com
652,Mischa,Koubu,mkoubui3@thetimes.co.uk
653,Tiebold,Melling,tmellingi4@wikimedia.org
654,Timotheus,Caruth,tcaruthi5@360.cn
655,Danielle,Ong,dongi6@typepad.com
656,Welch,Derye-Barrett,wderyebarretti7@webeden.co.uk
657,Eugenia,Reina,ereinai8@ifeng.com
658,Culver,Oley,coleyi9@accuweather.com
659,Bibi,Grafham,bgrafhamia@parallels.com
660,Maggie,Woodward,mwoodwardib@usatoday.com
661,Homerus,Mico,hmicoic@blogspot.com
662,Jessica,Chastagnier,jchastagnierid@tumblr.com
663,Gerhardine,Dobrovolski,gdobrovolskiie@gmpg.org
664,Carmina,Danks,cdanksif@mit.edu
665,Erena,Yakubovics,eyakubovicsig@nps.gov
666,Garland,Jackson,gjacksonih@un.org
667,Trix,Keasley,tkeasleyii@gnu.org
668,Reginald,Clemetts,rclemettsij@webeden.co.uk
669,Brandea,Bushnell,bbushnellik@51.la
670,Amity,Davidson,adavidsonil@imgur.com
671,Corny,Campagne,ccampagneim@examiner.com
672,Barty,Houtbie,bhoutbiein@about.me
673,Debera,Cicutto,dcicuttoio@icio.us
674,Lenora,Durtnall,ldurtnallip@narod.ru
675,Rafaelia,Dawtrey,rdawtreyiq@statcounter.com
676,Abagail,Kinver,akinverir@taobao.com
677,Dion,Ousby,dousbyis@facebook.com
678,Cal,Roelofsen,croelofsenit@ask.com
679,Valentin,Doudney,vdoudneyiu@dailymail.co.uk
680,Bartlet,Dungate,bdungateiv@stumbleupon.com
681,Robers,Tippetts,rtippettsiw@wikipedia.org
682,Ivy,Lucy,ilucyix@seattletimes.com
683,Justinn,Farn,jfarniy@unblog.fr
684,Germaine,Hansill,ghansilliz@issuu.com
685,Frederica,Grouse,fgrousej0@cnbc.com
686,Estell,Mannix,emannixj1@gizmodo.com
687,Ania,Druhan,adruhanj2@salon.com
688,Alix,Alenshev,aalenshevj3@msu.edu
689,Susanetta,Tunbridge,stunbridgej4@examiner.com
690,Adolphe,Grisewood,agrisewoodj5@digg.com
691,Carlynn,Ream,creamj6@simplemachines.org
692,Cissiee,Wolfit,cwolfitj7@github.io
693,Clare,Clelle,cclellej8@cornell.edu
694,Randi,Eddicott,reddicottj9@discovery.com
695,Juliane,Hanfrey,jhanfreyja@infoseek.co.jp
696,Chanda,Siaspinski,csiaspinskijb@blinklist.com
697,Alyss,Boleyn,aboleynjc@livejournal.com
698,Constanta,Grigori,cgrigorijd@engadget.com
699,Jeremie,McKinnon,jmckinnonje@yellowbook.com
700,Gratiana,Ritchard,gritchardjf@hexun.com
701,Karlan,Tallent,ktallentjg@bravesites.com
702,Amberly,Oriel,aorieljh@flickr.com
703,Germain,Douris,gdourisji@youku.com
704,Gavra,Bucklee,gbuckleejj@g.co
705,Aleta,Phillp,aphillpjk@utexas.edu
706,Emory,Ruddom,eruddomjl@scientificamerican.com
707,Francine,Amy,famyjm@wsj.com
708,Tandie,Kopje,tkopjejn@gmpg.org
709,Katharyn,Adamou,kadamoujo@netlog.com
710,Rozanne,Jaffrey,rjaffreyjp@taobao.com
711,Charmaine,MacCartan,cmaccartanjq@google.co.jp
712,Grata,Lintill,glintilljr@house.gov
713,Margery,Gouldie,mgouldiejs@usnews.com
714,Dionis,Heers,dheersjt@nydailynews.com
715,Terra,Gisbourn,tgisbournju@infoseek.co.jp
716,Elsa,Etteridge,eetteridgejv@topsy.com
717,Bonny,Freire,bfreirejw@latimes.com
718,Ivy,Girardey,igirardeyjx@dion.ne.jp
719,Yehudit,Pentony,ypentonyjy@altervista.org
720,Lucian,Nussii,lnussiijz@goo.gl
721,Jackquelin,Ianne,jiannek0@tinyurl.com
722,Stacee,Blinco,sblincok1@salon.com
723,Fanchon,Embra,fembrak2@independent.co.uk
724,Zed,Whitfeld,zwhitfeldk3@nationalgeographic.com
725,Cross,Yuryatin,cyuryatink4@twitpic.com
726,Amitie,Osman,aosmank5@miitbeian.gov.cn
727,Rosalinde,Bithany,rbithanyk6@yellowpages.com
728,Lonnie,Cicci,lciccik7@irs.gov
729,Maurizio,Iliff,miliffk8@china.com.cn
730,Linn,Mobius,lmobiusk9@wunderground.com
731,Jordain,Espinosa,jespinosaka@naver.com
732,Rubie,Risbridge,rrisbridgekb@vk.com
733,Wyn,Langhor,wlanghorkc@ycombinator.com
734,Joice,Kinnach,jkinnachkd@example.com
735,Sandy,Hodgen,shodgenke@scribd.com
736,Greggory,Peris,gperiskf@symantec.com
737,Abie,Younghusband,ayounghusbandkg@hibu.com
738,Shandee,Sievewright,ssievewrightkh@twitpic.com
739,Kathi,Winspurr,kwinspurrki@economist.com
740,Peri,Rentz,prentzkj@dedecms.com
741,Wells,Kilbourn,wkilbournkk@cargocollective.com
742,Berry,Bagott,bbagottkl@aol.com
743,Normie,Folker,nfolkerkm@multiply.com
744,Edan,Eves,eeveskn@etsy.com
745,Guntar,Tousey,gtouseyko@hc360.com
746,Micah,Paladino,mpaladinokp@sohu.com
747,Stanley,Rosengarten,srosengartenkq@cmu.edu
748,Conn,Hanbury-Brown,chanburybrownkr@behance.net
749,Titos,Nowland,tnowlandks@networkadvertising.org
750,Tobias,Noyes,tnoyeskt@tumblr.com
751,Haley,Lyburn,hlyburnku@csmonitor.com
752,Jennette,Belle,jbellekv@prweb.com
753,Mavis,Isakovitch,misakovitchkw@dailymotion.com
754,Mercy,Spurman,mspurmankx@wikia.com
755,Devonne,Avard,davardky@netvibes.com
756,Maddi,Thurlbourne,mthurlbournekz@npr.org
757,Jenda,Hayth,jhaythl0@twitpic.com
758,Ramsay,Wyard,rwyardl1@foxnews.com
759,Milton,Jaram,mjaraml2@feedburner.com
760,Corbin,Rait,craitl3@hugedomains.com
761,Davy,Egar,degarl4@imageshack.us
762,Garrot,Baldcock,gbaldcockl5@mysql.com
763,Di,McKomb,dmckombl6@amazon.com
764,Marlena,Maykin,mmaykinl7@google.it
765,Andy,Edmans,aedmansl8@state.gov
766,Gerhard,Cawkwell,gcawkwelll9@smugmug.com
767,Abagail,Winser,awinserla@baidu.com
768,Hieronymus,Jowers,hjowerslb@omniture.com
769,Jolene,Kuhnke,jkuhnkelc@hostgator.com
770,Francene,Duchart,fduchartld@vk.com
771,Giraud,Heino,gheinole@shutterfly.com
772,Sawyere,Lutzmann,slutzmannlf@cbsnews.com
773,Katherina,Sharpley,ksharpleylg@sitemeter.com
774,Danica,Mibourne,dmibournelh@abc.net.au
775,Zuzana,Backshill,zbackshillli@bloglines.com
776,Hi,Cussons,hcussonslj@bluehost.com
777,Evelina,Romme,erommelk@miibeian.gov.cn
778,Jojo,Ridley,jridleyll@tmall.com
779,Jacqueline,Conibere,jconiberelm@blogspot.com
780,Artemis,Camblin,acamblinln@desdev.cn
781,Toma,Rangall,trangalllo@guardian.co.uk
782,Georgeanne,Bettington,gbettingtonlp@vistaprint.com
783,Boonie,Muzzillo,bmuzzillolq@cbsnews.com
784,Josefa,Shelmerdine,jshelmerdinelr@nifty.com
785,Derby,Janney,djanneyls@cnet.com
786,Nada,Sarch,nsarchlt@statcounter.com
787,Dodie,Grimsdell,dgrimsdelllu@unblog.fr
788,Evin,Le Marquand,elemarquandlv@newyorker.com
789,Beauregard,Roomes,broomeslw@bigcartel.com
790,Dusty,Scad,dscadlx@accuweather.com
791,Thadeus,Chaddock,tchaddockly@flavors.me
792,Kipper,Rushe,krushelz@businessinsider.com
793,Aindrea,Northcliffe,anorthcliffem0@noaa.gov
794,Verla,Dixcee,vdixceem1@bloglines.com
795,Rodolph,Dabourne,rdabournem2@state.gov
796,Uriah,Kalinsky,ukalinskym3@yelp.com
797,Amberly,MacLaughlin,amaclaughlinm4@paginegialle.it
798,Leyla,McGlaughn,lmcglaughnm5@unblog.fr
799,Kyla,Geany,kgeanym6@gnu.org
800,Kass,Wimbush,kwimbushm7@theglobeandmail.com
801,Sybilla,Chippendale,schippendalem8@squidoo.com
802,Caroljean,Strick,cstrickm9@abc.net.au
803,Josefa,Maddocks,jmaddocksma@posterous.com
804,Efren,Sedgmond,esedgmondmb@lulu.com
805,Margarethe,Ferrarin,mferrarinmc@usatoday.com
806,Lemmy,Sonley,lsonleymd@purevolume.com
807,Hedy,Schenkel,hschenkelme@forbes.com
808,Jacklyn,Halfpenny,jhalfpennymf@kickstarter.com
809,Collete,Lloyd-Williams,clloydwilliamsmg@merriam-webster.com
810,Hurleigh,Proppers,hproppersmh@theguardian.com
811,Evangeline,Kempson,ekempsonmi@geocities.jp
812,Robbie,Toe,rtoemj@ezinearticles.com
813,Monah,Issacov,missacovmk@latimes.com
814,Orin,Elfes,oelfesml@amazon.de
815,Byran,Etuck,betuckmm@hud.gov
816,Aggi,Firebrace,afirebracemn@tripod.com
817,Eleni,Witherow,ewitherowmo@jigsy.com
818,Timotheus,Britland,tbritlandmp@plala.or.jp
819,Maire,Trude,mtrudemq@wix.com
820,Leonid,Casini,lcasinimr@ifeng.com
821,Lizabeth,Dufty,lduftyms@artisteer.com
822,Napoleon,Simond,nsimondmt@topsy.com
823,Fletch,Writer,fwritermu@umich.edu
824,Christiana,Izakoff,cizakoffmv@over-blog.com
825,Olivier,McGrey,omcgreymw@moonfruit.com
826,Mitchael,Cofax,mcofaxmx@bizjournals.com
827,Kalila,Schall,kschallmy@ezinearticles.com
828,Kessia,Aizic,kaizicmz@soup.io
829,Gar,Furney,gfurneyn0@abc.net.au
830,Jackelyn,Okill,jokilln1@t.co
831,Byron,Sommerlie,bsommerlien2@smh.com.au
832,Colin,Swalough,cswaloughn3@free.fr
833,Shaughn,Belk,sbelkn4@ft.com
834,Jacques,Brandsma,jbrandsman5@yellowpages.com
835,Rosana,Esley,resleyn6@dot.gov
836,April,O'Harney,aoharneyn7@newyorker.com
837,Annmarie,Itzkovici,aitzkovicin8@hud.gov
838,Alia,Iannuzzi,aiannuzzin9@usda.gov
839,Virginie,Bunker,vbunkerna@zdnet.com
840,Charleen,Cadd,ccaddnb@alexa.com
841,Terri,Dicky,tdickync@nasa.gov
842,Carny,Cromie,ccromiend@comcast.net
843,Peyter,Arthey,partheyne@businessinsider.com
844,Ellene,Winspeare,ewinspearenf@shinystat.com
845,Vanya,McFall,vmcfallng@arstechnica.com
846,Maurits,Ceschelli,mceschellinh@marriott.com
847,Jed,Matt,jmattni@youtu.be
848,Don,Rebbeck,drebbecknj@usda.gov
849,Rey,Vasilik,rvasiliknk@wix.com
850,Dorris,MacKain,dmackainnl@tamu.edu
851,Lorin,Scrowson,lscrowsonnm@histats.com
852,Charyl,Chrishop,cchrishopnn@gizmodo.com
853,Raul,Huggett,rhuggettno@jigsy.com
854,Bess,Hambridge,bhambridgenp@rambler.ru
855,Yance,Nestor,ynestornq@amazon.com
856,Durante,Swadlin,dswadlinnr@mail.ru
857,Peyton,Cardno,pcardnons@flavors.me
858,Vinita,O'Hickee,vohickeent@amazonaws.com
859,Yehudit,Domerque,ydomerquenu@oakley.com
860,Meara,Paoletto,mpaolettonv@free.fr
861,Maryanna,Ixer,mixernw@yolasite.com
862,Clea,Logsdale,clogsdalenx@shareasale.com
863,Cynthie,Lattka,clattkany@narod.ru
864,Luz,Howick,lhowicknz@weibo.com
865,Robinett,Eva,revao0@prnewswire.com
866,Greer,Winning,gwinningo1@over-blog.com
867,Skell,Ziebart,sziebarto2@360.cn
868,Tobe,Jumont,tjumonto3@xing.com
869,Augustine,Ricca,ariccao4@va.gov
870,Mikey,Teodorski,mteodorskio5@i2i.jp
871,Janette,Halsho,jhalshoo6@dyndns.org
872,Sayers,Fishenden,sfishendeno7@businessinsider.com
873,Timothea,Barkus,tbarkuso8@xrea.com
874,Christiane,Collelton,ccolleltono9@google.fr
875,Debera,Bram,dbramoa@marketwatch.com
876,Lorain,O' Gara,logaraob@scribd.com
877,Colette,Midgely,cmidgelyoc@yolasite.com
878,Gerard,Rudolph,grudolphod@artisteer.com
879,Donnie,Charter,dcharteroe@de.vu
880,Nadya,Clynmans,nclynmansof@rediff.com
881,Kelley,Douglass,kdouglassog@dailymotion.com
882,Ferdie,Bellie,fbellieoh@jugem.jp
883,Filberte,Paish,fpaishoi@whitehouse.gov
884,Vivienne,Stott,vstottoj@blogtalkradio.com
885,Bentlee,Cahan,bcahanok@studiopress.com
886,Lynnell,Keller,lkellerol@jalbum.net
887,Jessalyn,Wyatt,jwyattom@mediafire.com
888,Risa,Arkle,rarkleon@fastcompany.com
889,Tremayne,Popelay,tpopelayoo@histats.com
890,Leeland,Cameli,lcameliop@guardian.co.uk
891,Ernesta,Lulham,elulhamoq@icq.com
892,Demetri,Westwater,dwestwateror@cnn.com
893,Shaylynn,Bailes,sbailesos@xrea.com
894,Leigha,Cobbledick,lcobbledickot@macromedia.com
895,Robers,Theze,rthezeou@dagondesign.com
896,Paulie,Gerrelts,pgerreltsov@nymag.com
897,Emanuel,Zielinski,ezielinskiow@yolasite.com
898,Siward,Franck,sfranckox@elpais.com
899,Leesa,Bortolazzi,lbortolazzioy@oaic.gov.au
900,Truda,McMeyler,tmcmeyleroz@hugedomains.com
901,Marwin,Lapides,mlapidesp0@vinaora.com
902,Niel,Bierton,nbiertonp1@microsoft.com
903,Kameko,Splain,ksplainp2@pcworld.com
904,Wilbur,Roget,wrogetp3@ucoz.com
905,Thurston,Rapson,trapsonp4@clickbank.net
906,Charlton,Jewkes,cjewkesp5@europa.eu
907,Lizzy,Fensome,lfensomep6@answers.com
908,Frans,Hartup,fhartupp7@macromedia.com
909,Rockie,Pietruszka,rpietruszkap8@auda.org.au
910,Arv,Yukhnin,ayukhninp9@amazon.de
911,Filippo,Epton,feptonpa@pbs.org
912,Wes,Grimble,wgrimblepb@wunderground.com
913,Laure,Bannester,lbannesterpc@loc.gov
914,Alethea,Storr,astorrpd@delicious.com
915,Em,Sharpin,esharpinpe@issuu.com
916,Hatti,Kilalea,hkilaleapf@icio.us
917,Zacharias,Weatherby,zweatherbypg@delicious.com
918,Phyllida,Gillogley,pgillogleyph@baidu.com
919,Alfi,Cescotti,acescottipi@wordpress.org
920,Lazaro,Remmer,lremmerpj@i2i.jp
921,Arlina,Liddall,aliddallpk@senate.gov
922,Reeba,Thurske,rthurskepl@foxnews.com
923,Rafa,Ghost,rghostpm@constantcontact.com
924,Zarla,Bagshawe,zbagshawepn@privacy.gov.au
925,Grazia,Sones,gsonespo@opensource.org
926,Doretta,MacCarrick,dmaccarrickpp@unblog.fr
927,Mahalia,Karel,mkarelpq@symantec.com
928,Caresse,Robben,crobbenpr@nba.com
929,Ashlin,Synnott,asynnottps@booking.com
930,Beaufort,Deavall,bdeavallpt@state.gov
931,Krystyna,McSkeagan,kmcskeaganpu@va.gov
932,Emanuel,Schult,eschultpv@soundcloud.com
933,Christean,Yushmanov,cyushmanovpw@wikispaces.com
934,Mitchel,Stormes,mstormespx@redcross.org
935,Ethyl,Sample,esamplepy@furl.net
936,Berget,Medling,bmedlingpz@over-blog.com
937,Dennet,Kemsley,dkemsleyq0@microsoft.com
938,Rodd,Lum,rlumq1@usgs.gov
939,Aubrey,Matthius,amatthiusq2@upenn.edu
940,Arney,Lindop,alindopq3@google.com.hk
941,Vivyanne,Kloska,vkloskaq4@ucoz.com
942,Robin,Pott,rpottq5@yahoo.co.jp
943,Ripley,Pautard,rpautardq6@soundcloud.com
944,Maurits,Fabler,mfablerq7@free.fr
945,Daren,Lilliman,dlillimanq8@amazonaws.com
946,Allayne,McSkeagan,amcskeaganq9@nature.com
947,Guenevere,Whiteway,gwhitewayqa@discovery.com
948,Eada,Sute,esuteqb@cam.ac.uk
949,Lucas,Corrie,lcorrieqc@loc.gov
950,Isadore,Whytock,iwhytockqd@google.cn
951,Cornall,Brend,cbrendqe@ebay.co.uk
952,Washington,Kitson,wkitsonqf@discuz.net
953,Enrika,Ebrall,eebrallqg@cloudflare.com
954,Charyl,Mertin,cmertinqh@ezinearticles.com
955,Falkner,Duckworth,fduckworthqi@nba.com
956,Kristan,Dukelow,kdukelowqj@sina.com.cn
957,Hazel,Royce,hroyceqk@irs.gov
958,Earle,Carnaman,ecarnamanql@whitehouse.gov
959,Arthur,Songhurst,asonghurstqm@narod.ru
960,Waldon,Gravey,wgraveyqn@ibm.com
961,Josephina,Deegan,jdeeganqo@a8.net
962,Shalna,Waltho,swalthoqp@imageshack.us
963,Carrie,Haughin,chaughinqq@buzzfeed.com
964,Bambie,Metherell,bmetherellqr@businesswire.com
965,Dex,Yannikov,dyannikovqs@reuters.com
966,Willette,Hull,whullqt@360.cn
967,Westley,Galpen,wgalpenqu@weibo.com
968,Noe,Derks,nderksqv@scientificamerican.com
969,Cori,Robeson,crobesonqw@huffingtonpost.com
970,Mozes,Rowe,mroweqx@amazon.co.jp
971,Wendall,Monteaux,wmonteauxqy@slashdot.org
972,Braden,Riddoch,briddochqz@fda.gov
973,Julianna,Ferro,jferror0@bandcamp.com
974,Alissa,Ribeiro,aribeiror1@ifeng.com
975,Gertrude,Talks,gtalksr2@google.ca
976,Brig,Clemow,bclemowr3@blinklist.com
977,Cristabel,Ottam,cottamr4@gnu.org
978,Shamus,Philimore,sphilimorer5@reddit.com
979,Kassey,Northam,knorthamr6@dailymotion.com
980,Joscelin,St Louis,jstlouisr7@spotify.com
981,Sadella,Fraczek,sfraczekr8@usnews.com
982,Edie,Ellsbury,eellsburyr9@drupal.org
983,Roxanne,Ambrosio,rambrosiora@narod.ru
984,Abbey,Woolrich,awoolrichrb@digg.com
985,Raimund,Richold,rricholdrc@google.com.hk
986,Miguela,Densumbe,mdensumberd@washingtonpost.com
987,Hollyanne,Chesser,hchesserre@harvard.edu
988,Weidar,Marfe,wmarferf@sohu.com
989,Kennedy,Ducarne,kducarnerg@addtoany.com
990,Elise,Climer,eclimerrh@abc.net.au
991,Berrie,Prandin,bprandinri@squidoo.com
992,Caleb,Bamling,cbamlingrj@godaddy.com
993,Ric,Jakes,rjakesrk@163.com
994,Pattin,Bettenson,pbettensonrl@timesonline.co.uk
995,Crista,Wheelton,cwheeltonrm@acquirethisname.com
996,Fernanda,Filippo,ffilipporn@dagondesign.com
997,Stanfield,Skoof,sskoofro@cyberchimps.com
998,Barbra,Biaggi,bbiaggirp@xrea.com
999,Julienne,Ulrik,julrikrq@apple.com
1000,Florenza,Taffee,ftaffeerr@sciencedirect.com
